Transaction_ID,Date,Gross_Sales,COGS,Manufacturing_Costs,Freight_Costs,Net_Sales,Profit/Loss
1,2023-10-08,3787.48,1896.15,197.28,332.67,1361.3799999999999,-534.7700000000002
2,2023-06-01,8974.58,5771.36,523.75,292.5,2386.9700000000003,-3384.3899999999994
3,2023-10-17,3200.56,2236.51,314.98,420.84,228.22999999999973,-2008.2800000000004
4,2023-01-22,5545.91,3266.46,423.27,89.16,1767.0199999999998,-1499.4400000000003
5,2023-10-02,8664.75,5536.94,1141.6,166.99,1819.2200000000005,-3717.7199999999993
6,2023-12-25,6423.12,3415.04,466.32,417.5,2124.2599999999998,-1290.7800000000002
7,2023-02-04,4720.88,2102.78,252.74,457.19,1908.1699999999996,-194.61000000000058
8,2023-07-28,7964.25,4524.53,501.6,392.08,2546.0400000000004,-1978.4899999999993
9,2023-01-02,4190.73,2675.8,225.09,376.69,913.1499999999994,-1762.6500000000008
10,2023-07-05,7882.43,4568.9,788.18,357.39,2167.960000000001,-2400.9399999999987
11,2023-02-02,2594.57,1625.15,272.33,401.03,296.0600000000002,-1329.09
12,2023-08-18,6703.02,4034.18,967.53,380.68,1320.6300000000006,-2713.5499999999993
13,2023-05-14,2824.93,1328.86,366.87,303.07,826.1299999999999,-502.73
14,2023-07-17,4619.73,2712.43,325.63,152.47,1429.1999999999996,-1283.2300000000002
15,2023-05-29,5292.71,3600.08,495.21,153.28,1044.14,-2555.9399999999996
16,2023-08-11,3044.94,1315.21,382.49,459.74,887.5,-427.71000000000004
17,2023-03-31,2320.72,1618.97,314.55,494.84,-107.64000000000021,-1726.6100000000001
18,2023-12-15,7972.95,5321.98,1014.38,479.71,1156.88,-4165.099999999999
19,2023-12-16,4869.5,2964.74,654.65,123.2,1126.91,-1837.8299999999997
20,2023-10-04,5545.31,3362.32,506.56,337.27,1339.1600000000003,-2023.1599999999999
21,2023-12-16,7502.28,4058.64,400.38,247.85,2795.41,-1263.23
22,2023-08-02,7952.17,3511.67,970.02,68.76,3401.72,-109.95000000000027
23,2023-11-12,4003.94,1808.01,399.99,74.86,1721.0800000000004,-86.92999999999961
24,2023-06-16,7258.81,4226.62,1082.46,353.16,1596.5700000000004,-2630.0499999999993
25,2023-09-07,9401.63,4260.89,691.39,353.28,4096.069999999999,-164.82000000000153
26,2023-04-24,4803.67,2397.57,419.46,371.14,1615.5,-782.0700000000002
27,2023-05-28,1121.79,729.28,75.88,461.64,-145.01,-874.29
28,2023-04-26,2043.09,928.04,116.57,281.68,716.8,-211.24
29,2023-05-12,1011.03,594.8,73.09,414.49,-71.35000000000002,-666.15
30,2023-01-25,3854.03,2312.93,511.5,244.71,784.8900000000003,-1528.0399999999995
31,2023-01-17,8307.31,5193.58,687.64,259.47,2166.62,-3026.96
32,2023-06-24,8149.46,3414.58,1031.83,121.03,3582.02,167.44000000000005
33,2023-07-27,9074.17,3729.85,1233.43,275.79,3835.0999999999995,105.24999999999955
34,2023-01-19,3655.15,2216.2,451.88,411.85,575.2200000000003,-1640.9799999999996
35,2023-12-16,9069.17,5752.6,557.93,371.39,2387.25,-3365.3500000000004
36,2023-06-15,2207.34,1305.49,315.22,85.4,501.23000000000013,-804.2599999999999
37,2023-01-07,2088.47,1076.65,194.56,463.23,354.02999999999975,-722.6200000000003
38,2023-02-18,8239.44,4181.66,986.05,131.62,2940.1100000000006,-1241.5499999999993
39,2023-08-23,5772.47,3550.81,457.95,102.69,1661.0200000000002,-1889.7899999999997
40,2023-11-26,7432.4,4626.24,992.98,78.53,1734.6499999999999,-2891.59
41,2023-07-08,9805.85,6667.21,533.25,68.23,2537.1600000000003,-4130.049999999999
42,2023-12-18,6483.87,3204.2,661.66,148.28,2469.73,-734.4699999999998
43,2023-10-29,1333.57,819.01,89.44,257.99,167.12999999999994,-651.8800000000001
44,2023-03-13,8519.8,5852.75,1193.24,161.66,1312.1499999999992,-4540.6
45,2023-03-22,3323.38,1336.42,357.81,184.88,1444.27,107.84999999999991
46,2023-11-13,8569.9,4572.6,1142.51,294.28,2560.5099999999993,-2012.090000000001
47,2023-09-26,9329.89,4590.45,841.41,291.56,3606.47,-983.98
48,2023-07-27,2940.89,1773.61,292.53,120.51,754.24,-1019.3699999999999
49,2023-11-06,6325.52,3397.36,343.46,177.11,2407.59,-989.77
50,2023-06-17,6450.61,4511.7,871.93,316.38,750.6,-3761.1
51,2023-10-10,8287.13,4511.78,561.76,237.26,2976.329999999999,-1535.4500000000007
52,2023-12-17,8730.59,3698.51,1078.08,443.36,3510.64,-187.87000000000035
53,2023-05-10,9463.41,5591.36,514.76,424.93,2932.36,-2658.9999999999995
54,2023-05-02,4235.32,2050.37,577.27,189.07,1418.61,-631.76
55,2023-10-14,8887.55,5370.24,1139.65,473.57,1904.0899999999995,-3466.1500000000005
56,2023-10-12,4177.48,2059.78,297.35,158.97,1661.3799999999994,-398.4000000000008
57,2023-12-25,8438.37,4781.57,749.58,63.06,2844.160000000001,-1937.4099999999985
58,2023-09-26,9723.25,4290.2,1368.78,81.52,3982.7500000000005,-307.44999999999936
59,2023-05-19,2539.94,1533.95,225.41,491.54,289.04,-1244.91
60,2023-09-06,1573.6,640.35,135.37,129.57,668.31,27.959999999999923
61,2023-07-07,3365.34,1514.05,447.05,226.73,1177.5100000000002,-336.53999999999974
62,2023-03-22,1696.04,1092.56,122.17,304.19,177.12,-915.4399999999999
63,2023-03-08,2539.62,1083.05,275.47,120.81,1060.29,-22.75999999999999
64,2023-10-25,4499.45,3123.62,412.3,182.13,781.4,-2342.22
65,2023-04-30,9565.2,3995.37,516.05,233.97,4819.81,824.4400000000005
66,2023-02-01,7715.41,4825.65,598.88,202.22,2088.6600000000003,-2736.9899999999993
67,2023-05-26,4573.61,2810.18,495.22,216.55,1051.6599999999999,-1758.52
68,2023-03-19,7315.27,3511.2,960.15,234.59,2609.3300000000004,-901.8699999999994
69,2023-12-13,6055.11,2539.57,894.36,165.3,2455.879999999999,-83.69000000000096
70,2023-10-07,9704.08,5476.32,1306.84,236.84,2684.08,-2792.24
71,2023-07-26,9105.39,4267.5,1161.2,273.68,3403.0099999999998,-864.4900000000002
72,2023-06-03,1749.36,850.39,190.57,464.38,244.01999999999987,-606.3700000000001
73,2023-02-07,8846.41,5269.01,1060.75,451.57,2065.0799999999995,-3203.9300000000007
74,2023-11-04,2166.24,1380.22,124.16,292.61,369.2499999999998,-1010.9700000000003
75,2023-09-18,2500.97,1693.17,261.37,400.86,145.5699999999997,-1547.6000000000004
76,2023-11-30,1712.85,883.88,170.82,481.58,176.56999999999988,-707.3100000000002
77,2023-11-14,1046.64,475.05,73.65,135.48,362.46000000000015,-112.58999999999986
78,2023-02-16,5539.24,3466.56,734.12,105.14,1233.4199999999998,-2233.1400000000003
79,2023-05-25,6661.12,4366.77,515.81,445.03,1333.5099999999995,-3033.260000000001
80,2023-10-09,3954.51,2284.91,507.99,240.35,921.2600000000003,-1363.6499999999996
81,2023-08-29,3812.08,1857.65,330.03,104.39,1520.0099999999998,-337.6400000000003
82,2023-12-07,2636.93,1481.46,274.51,198.32,682.6399999999999,-798.8200000000002
83,2023-07-17,8136.16,5172.48,664.5,150.27,2148.9100000000003,-3023.5699999999993
84,2023-12-03,1291.85,591.56,189.26,356.68,154.34999999999997,-437.21
85,2023-04-05,7251.39,4378.88,675.75,399.16,1797.6000000000001,-2581.2799999999997
86,2023-05-08,7647.16,3634.72,566.28,404.13,3042.0299999999997,-592.69
87,2023-03-05,2086.92,1042.5,286.99,204.32,553.1100000000001,-489.3899999999999
88,2023-12-25,9194.05,3799.54,779.55,340.09,4274.869999999999,475.329999999999
89,2023-06-02,3683.16,1693.56,378.42,244.12,1367.06,-326.5
90,2023-06-11,6327.61,3658.27,795.89,255.68,1617.7699999999998,-2040.5000000000002
91,2023-04-25,1444.49,890.62,85.73,81.32,386.82,-503.8
92,2023-07-22,3618.42,2448.89,479.23,174.77,515.5300000000002,-1933.3599999999997
93,2023-12-19,2077.83,1314.82,163.92,91.53,507.56000000000006,-807.2599999999999
94,2023-05-26,5645.76,3657.0,319.24,462.9,1206.6200000000003,-2450.3799999999997
95,2023-09-10,4896.78,3090.23,629.07,367.02,810.4599999999996,-2279.7700000000004
96,2023-04-13,5732.16,2409.58,709.68,459.18,2153.7200000000003,-255.85999999999967
97,2023-12-31,6746.32,4103.29,716.03,397.59,1529.4099999999999,-2573.88
98,2023-04-09,6661.33,4029.9,592.02,288.46,1750.9499999999998,-2278.9500000000003
99,2023-11-13,3593.37,2130.46,220.9,497.91,744.0999999999997,-1386.3600000000004
100,2023-09-07,5114.33,2878.74,471.65,240.63,1523.31,-1355.4299999999998
101,2023-08-08,5760.09,3227.67,631.07,387.57,1513.78,-1713.89
102,2023-07-30,3081.43,1408.01,312.63,486.1,874.6899999999999,-533.32
103,2023-11-08,6441.36,2936.4,537.61,67.15,2900.1999999999994,-36.20000000000073
104,2023-02-13,1472.22,861.13,118.95,278.54,213.60000000000002,-647.53
105,2023-01-31,3275.87,1316.25,208.09,73.65,1677.8799999999999,361.6299999999999
106,2023-06-28,5285.77,2127.03,737.03,193.29,2228.42,101.38999999999987
107,2023-04-13,3399.21,1773.19,186.46,370.59,1068.97,-704.22
108,2023-06-25,6015.78,3839.7,472.36,471.21,1232.5099999999998,-2607.19
109,2023-06-01,6064.3,3964.3,502.77,444.25,1152.98,-2811.32
110,2023-08-13,8473.45,3574.82,587.82,90.64,4220.170000000001,645.3500000000008
111,2023-12-24,6660.93,4018.0,478.54,351.25,1813.1400000000003,-2204.8599999999997
112,2023-05-29,3342.03,1575.36,416.6,351.4,998.6700000000002,-576.6899999999997
113,2023-05-16,7575.37,3728.21,389.91,489.3,2967.95,-760.2600000000002
114,2023-02-04,4925.52,3233.1,549.64,130.21,1012.5700000000006,-2220.5299999999993
115,2023-01-08,7534.08,3314.76,1096.9,295.23,2827.1899999999996,-487.5700000000006
116,2023-03-02,4403.74,2316.91,462.71,186.91,1437.2099999999998,-879.7
117,2023-04-11,6959.26,2963.07,675.42,145.4,3175.37,212.29999999999973
118,2023-04-07,6447.47,2675.03,837.93,174.86,2759.65,84.61999999999989
119,2023-04-24,4686.83,2551.09,322.47,449.55,1363.7199999999998,-1187.3700000000003
120,2023-09-25,6830.69,4254.41,1002.58,256.37,1317.33,-2937.08
121,2023-05-31,3157.4,1807.6,261.0,385.27,703.5300000000002,-1104.0699999999997
122,2023-07-14,3783.13,2138.98,394.48,275.86,973.8100000000001,-1165.17
123,2023-03-07,8215.18,5476.67,616.43,416.04,1706.0400000000004,-3770.6299999999997
124,2023-12-01,7685.47,4465.04,1103.71,358.84,1757.8800000000003,-2707.16
125,2023-08-07,1057.16,620.95,127.75,328.26,-19.799999999999955,-640.75
126,2023-04-30,4455.33,2079.32,633.39,320.65,1421.9699999999998,-657.3500000000004
127,2023-11-22,3616.54,2056.16,274.68,256.12,1029.58,-1026.58
128,2023-03-30,3442.26,1738.17,282.8,257.95,1163.3400000000001,-574.8299999999999
129,2023-03-28,5076.57,3150.27,724.77,230.25,971.2799999999997,-2178.9900000000002
130,2023-09-15,8344.32,3533.28,1094.03,361.01,3355.999999999999,-177.2800000000011
131,2023-11-28,2117.55,1298.16,310.77,489.44,19.18000000000012,-1278.98
132,2023-11-07,1567.84,861.76,176.18,431.58,98.31999999999988,-763.44
133,2023-01-24,7847.48,4155.35,507.48,75.6,3109.0499999999993,-1046.300000000001
134,2023-05-24,8680.12,4931.31,463.58,354.03,2931.2000000000007,-2000.1099999999997
135,2023-12-08,4388.58,1945.19,374.71,134.28,1934.3999999999999,-10.790000000000191
136,2023-01-29,5332.46,2196.63,711.48,464.83,1959.52,-237.11000000000013
137,2023-09-29,9087.74,3933.73,758.49,133.28,4262.240000000001,328.5100000000007
138,2023-03-16,8464.53,5159.72,626.89,275.33,2402.5900000000006,-2757.1299999999997
139,2023-10-15,6650.4,2794.23,385.26,421.79,3049.12,254.88999999999987
140,2023-12-20,4640.43,1977.24,500.24,356.52,1806.4300000000007,-170.80999999999926
141,2023-01-19,8818.33,3611.08,741.03,190.52,4275.7,664.6199999999999
142,2023-11-14,8465.33,4550.02,858.77,350.75,2705.7899999999995,-1844.230000000001
143,2023-09-28,1470.45,616.74,124.41,424.44,304.86000000000007,-311.87999999999994
144,2023-02-26,7157.42,3571.54,855.09,144.8,2585.99,-985.5500000000002
145,2023-10-08,3400.51,1518.64,388.89,342.5,1150.48,-368.1600000000001
146,2023-11-06,4334.06,1879.18,367.92,355.1,1731.8600000000001,-147.31999999999994
147,2023-03-04,3168.07,2160.93,334.14,381.88,291.12000000000035,-1869.8099999999995
148,2023-12-16,9504.64,5540.45,777.15,215.47,2971.5699999999997,-2568.88
149,2023-06-10,1122.38,646.16,114.43,273.89,87.90000000000015,-558.2599999999998
150,2023-05-27,2112.41,1117.31,115.1,482.87,397.1299999999999,-720.1800000000001
151,2023-10-19,3543.85,1533.23,297.53,412.86,1300.23,-233.0
152,2023-10-28,5308.57,3434.68,590.93,249.17,1033.79,-2400.89
153,2023-11-29,4668.66,2589.28,689.33,461.05,928.9999999999998,-1660.2800000000004
154,2023-01-13,1468.5,872.85,197.54,242.27,155.84,-717.01
155,2023-04-10,4498.69,1907.1,306.01,292.53,1993.05,85.95000000000005
156,2023-02-09,2927.36,1182.73,370.44,151.94,1222.25,39.51999999999998
157,2023-06-18,5304.0,2370.31,706.04,214.79,2012.8600000000001,-357.4499999999998
158,2023-04-10,2761.23,1811.28,343.27,70.89,535.7900000000001,-1275.4899999999998
159,2023-04-01,6405.34,3229.86,763.62,327.65,2084.21,-1145.65
160,2023-09-07,7655.46,3638.56,607.49,403.7,3005.71,-632.8499999999999
161,2023-11-01,3042.66,1478.19,159.49,334.12,1070.8599999999997,-407.3300000000004
162,2023-12-03,1054.19,734.29,84.04,496.1,-260.23999999999995,-994.53
163,2023-06-26,9596.55,4772.16,486.38,307.9,4030.109999999999,-742.0500000000006
164,2023-06-26,1589.62,695.75,104.87,91.82,697.1799999999998,1.4299999999998363
165,2023-12-28,9405.02,5580.87,638.56,327.38,2858.2100000000005,-2722.6599999999994
166,2023-07-24,8984.15,5182.23,515.42,362.36,2924.14,-2258.0899999999997
167,2023-06-03,1743.39,913.55,191.46,362.27,276.1100000000001,-637.4399999999998
168,2023-08-14,6810.68,3600.75,899.65,448.05,1862.2300000000002,-1738.5199999999998
169,2023-03-20,2522.3,1552.04,216.9,249.56,503.80000000000024,-1048.2399999999998
170,2023-04-04,2603.59,1104.3,370.95,258.54,869.8000000000002,-234.49999999999977
171,2023-09-07,5515.28,3359.92,789.48,193.45,1172.4299999999996,-2187.4900000000007
172,2023-06-28,5284.91,2670.75,275.06,418.03,1921.07,-749.6800000000001
173,2023-03-13,4634.74,3063.66,443.6,198.12,929.36,-2134.2999999999997
174,2023-02-16,5508.49,3223.7,633.75,96.53,1554.51,-1669.1899999999998
175,2023-01-17,7878.49,4297.4,595.83,390.85,2594.4100000000003,-1702.9899999999993
176,2023-05-02,2552.96,1166.16,169.02,60.56,1157.22,-8.940000000000055
177,2023-07-30,9689.82,4157.85,1095.78,79.7,4356.49,198.63999999999942
178,2023-12-22,5949.92,2637.23,846.67,233.13,2232.89,-404.34000000000015
179,2023-04-04,7304.5,4343.81,1081.47,149.15,1730.0699999999995,-2613.7400000000007
180,2023-11-05,9566.23,4815.26,652.04,52.68,4046.2499999999995,-769.0100000000007
181,2023-04-19,9772.7,6579.61,972.06,486.72,1734.310000000001,-4845.299999999998
182,2023-02-02,9900.71,6294.64,1010.05,362.59,2233.4299999999985,-4061.210000000002
183,2023-12-30,5360.02,3334.42,637.68,476.61,911.3100000000005,-2423.1099999999997
184,2023-01-20,9274.0,4068.13,972.69,185.42,4047.76,-20.36999999999989
185,2023-01-31,7220.17,3208.62,579.89,58.15,3373.51,164.89000000000033
186,2023-08-30,4073.72,2793.56,301.19,497.98,480.9899999999998,-2312.57
187,2023-06-12,6960.68,3305.36,530.21,470.56,2654.55,-650.81
188,2023-11-28,5577.43,2598.91,738.51,442.35,1797.6600000000003,-801.2499999999995
189,2023-06-29,9444.52,5193.13,821.6,438.49,2991.3,-2201.83
190,2023-01-05,3556.26,1942.49,218.17,444.08,951.5200000000002,-990.9699999999998
191,2023-11-07,5624.44,3080.38,634.68,330.68,1578.6999999999996,-1501.6800000000005
192,2023-03-18,8740.76,3563.39,1172.85,187.1,3817.420000000001,254.0300000000011
193,2023-11-25,3834.36,1723.36,194.47,414.46,1502.07,-221.28999999999996
194,2023-12-22,1062.81,614.3,149.03,244.35,55.130000000000024,-559.17
195,2023-12-12,4724.08,2159.56,238.64,328.76,1997.1200000000001,-162.43999999999983
196,2023-04-01,6586.14,2939.27,812.69,419.99,2414.1900000000005,-525.0799999999995
197,2023-10-07,8074.88,3977.37,865.65,330.06,2901.8,-1075.5699999999997
198,2023-08-29,5778.35,2974.58,358.57,224.78,2220.42,-754.1599999999999
199,2023-02-14,6815.57,3516.48,615.5,422.31,2261.2799999999997,-1255.2000000000003
200,2023-11-11,2565.28,1453.11,263.45,375.09,473.6300000000003,-979.4799999999996
201,2023-09-04,1631.38,727.56,200.86,245.73,457.23000000000013,-270.3299999999998
202,2023-09-03,3060.02,1981.46,186.94,157.66,733.9599999999999,-1247.5
203,2023-01-22,8901.95,5321.45,1265.07,223.24,2092.1900000000014,-3229.2599999999984
204,2023-02-13,2678.05,1817.47,269.04,220.98,370.5600000000002,-1446.9099999999999
205,2023-11-17,1817.41,843.85,176.69,51.47,745.4000000000001,-98.44999999999993
206,2023-12-06,6130.43,4032.91,803.57,147.43,1146.5200000000002,-2886.3899999999994
207,2023-06-10,1058.2,521.92,142.52,156.69,237.0700000000001,-284.84999999999985
208,2023-08-10,8142.44,5203.09,759.67,214.35,1965.3299999999995,-3237.7600000000007
209,2023-03-22,7485.16,3108.87,680.94,456.25,3239.1,130.23000000000002
210,2023-11-04,2151.63,1391.63,212.27,347.36,200.37,-1191.2600000000002
211,2023-06-08,8309.99,5267.57,966.77,388.41,1687.24,-3580.33
212,2023-09-15,8979.33,5660.01,858.63,495.15,1965.5399999999995,-3694.4700000000007
213,2023-05-11,9295.3,5080.6,647.19,189.75,3377.759999999999,-1702.8400000000015
214,2023-10-10,3207.21,1826.83,266.48,178.82,935.0800000000002,-891.7499999999998
215,2023-08-10,7315.19,4038.97,466.09,371.49,2438.6399999999994,-1600.3300000000004
216,2023-01-11,8230.7,5491.44,524.28,286.32,1928.6600000000014,-3562.779999999998
217,2023-05-17,6348.48,3326.45,537.18,465.6,2019.25,-1307.1999999999998
218,2023-07-01,6391.77,3162.23,352.61,100.96,2775.9700000000003,-386.25999999999976
219,2023-02-12,6456.16,3650.15,671.89,151.34,1982.78,-1667.3700000000001
220,2023-05-30,8063.9,3391.6,482.66,167.86,4021.7799999999993,630.1799999999994
221,2023-11-26,6165.89,3788.15,737.99,156.43,1483.3200000000002,-2304.83
222,2023-10-20,3994.64,2242.0,505.69,174.32,1072.6299999999999,-1169.3700000000001
223,2023-10-06,6300.51,3533.66,774.2,156.93,1835.7200000000003,-1697.9399999999996
224,2023-09-17,6428.44,3198.84,645.28,236.87,2347.45,-851.3900000000003
225,2023-03-01,2080.32,1260.89,181.32,188.67,449.44000000000017,-811.4499999999999
226,2023-05-31,8818.96,4555.62,1039.43,179.19,3044.719999999999,-1510.900000000001
227,2023-02-10,7341.23,4225.52,890.74,81.64,2143.3299999999995,-2082.190000000001
228,2023-08-29,1123.38,535.44,129.79,334.07,124.0800000000001,-411.35999999999996
229,2023-03-03,4799.1,1952.99,648.96,199.32,1997.8300000000006,44.8400000000006
230,2023-09-11,5939.04,2678.68,587.76,166.05,2506.55,-172.12999999999965
231,2023-03-11,9147.68,4705.77,1137.35,211.4,3093.16,-1612.6100000000006
232,2023-03-01,3154.81,1294.05,466.94,94.37,1299.4499999999998,5.399999999999864
233,2023-10-11,8713.67,5790.37,753.3,240.8,1929.2,-3861.17
234,2023-12-02,7747.05,3872.14,1157.24,497.2,2220.4700000000003,-1651.6699999999996
235,2023-10-08,5236.37,3438.57,391.82,216.77,1189.2099999999998,-2249.3600000000006
236,2023-06-29,1417.37,855.11,167.41,472.54,-77.69000000000011,-932.8000000000002
237,2023-09-12,2414.9,1407.54,330.68,410.54,266.14000000000004,-1141.3999999999999
238,2023-10-05,2241.48,1450.96,126.22,401.8,262.49999999999994,-1188.46
239,2023-09-04,5559.5,2878.46,420.0,449.82,1811.22,-1067.24
240,2023-09-28,1742.86,964.97,118.63,450.42,208.83999999999986,-756.1300000000001
241,2023-03-12,7362.63,4561.03,691.19,404.36,1706.0500000000002,-2854.9799999999996
242,2023-07-01,6093.46,3413.13,750.76,433.57,1496.0,-1917.13
243,2023-01-22,7614.47,3282.55,717.49,357.2,3257.2300000000005,-25.31999999999971
244,2023-10-25,4411.89,2678.46,223.34,399.56,1110.5300000000004,-1567.9299999999996
245,2023-10-10,6162.15,3877.45,895.72,337.91,1051.0699999999997,-2826.38
246,2023-01-31,3765.84,1603.15,234.49,422.39,1505.81,-97.34000000000015
247,2023-08-29,5133.81,3572.67,430.7,258.04,872.4000000000003,-2700.2699999999995
248,2023-12-17,5782.97,3768.59,857.67,408.31,748.4000000000001,-3020.19
249,2023-05-30,4523.35,2788.09,266.65,389.08,1079.5300000000002,-1708.56
250,2023-11-17,1547.1,663.13,189.13,135.25,559.5899999999999,-103.54000000000008
251,2023-09-26,9841.66,4331.97,531.71,322.63,4655.349999999999,323.3799999999992
252,2023-08-06,7168.07,4767.32,658.59,129.19,1612.9699999999998,-3154.35
253,2023-03-17,1375.83,831.66,201.01,366.73,-23.57000000000005,-855.23
254,2023-12-31,4697.44,3154.49,500.68,253.9,788.3699999999998,-2366.12
255,2023-02-08,4665.36,2640.71,482.15,460.65,1081.8499999999995,-1558.8600000000006
256,2023-09-18,5944.57,4048.65,507.24,54.79,1333.8899999999996,-2714.76
257,2023-06-09,9758.84,5985.9,907.05,358.37,2507.5200000000004,-3478.379999999999
258,2023-12-26,2087.08,1401.65,231.25,86.86,367.3199999999998,-1034.3300000000004
259,2023-12-03,8310.64,3474.36,534.55,241.5,4060.2299999999987,585.8699999999985
260,2023-09-29,6469.66,4004.96,944.22,389.53,1130.9499999999998,-2874.01
261,2023-03-30,7872.43,4516.57,480.08,154.04,2721.7400000000007,-1794.829999999999
262,2023-07-13,2369.44,1147.38,224.51,305.26,692.29,-455.09000000000015
263,2023-10-19,7439.83,3696.13,558.18,164.17,3021.35,-674.7800000000002
264,2023-02-24,9944.83,6736.93,1066.8,395.62,1745.4799999999996,-4991.450000000001
265,2023-09-08,1853.4,877.26,103.22,306.82,566.1000000000001,-311.15999999999985
266,2023-01-01,2708.98,1152.84,288.31,490.05,777.7800000000002,-375.0599999999997
267,2023-10-17,7456.05,3607.75,1046.6,316.0,2485.7000000000003,-1122.0499999999997
268,2023-11-13,5181.12,2297.51,505.51,279.83,2098.2699999999995,-199.2400000000007
269,2023-02-22,3528.64,2273.56,528.06,403.26,323.76,-1949.8
270,2023-01-13,2752.71,1341.06,147.05,261.52,1003.0800000000002,-337.9799999999998
271,2023-06-29,4044.18,2268.63,492.68,475.46,807.4099999999996,-1461.2200000000005
272,2023-12-02,5700.65,2486.52,578.08,494.83,2141.22,-345.3000000000002
273,2023-09-23,2612.98,1514.02,198.89,162.24,737.83,-776.1899999999999
274,2023-06-18,4398.34,2678.4,643.35,51.33,1025.2600000000002,-1653.1399999999999
275,2023-12-01,9994.94,6946.61,1059.71,290.47,1698.1500000000008,-5248.459999999999
276,2023-09-14,6744.44,3406.7,800.98,160.77,2375.99,-1030.71
277,2023-04-05,5881.8,3151.34,846.53,337.45,1546.48,-1604.8600000000001
278,2023-06-14,6864.52,4653.81,959.92,123.98,1126.81,-3527.0000000000005
279,2023-06-17,8966.5,5276.66,1017.43,352.9,2319.51,-2957.1499999999996
280,2023-08-21,4030.9,2335.52,375.06,219.05,1101.2700000000002,-1234.2499999999998
281,2023-09-05,6455.51,2886.47,838.71,184.41,2545.9200000000005,-340.5499999999993
282,2023-10-19,1112.61,657.1,152.21,52.06,251.23999999999984,-405.8600000000002
283,2023-07-02,9175.65,5624.19,1182.71,471.06,1897.69,-3726.4999999999995
284,2023-02-04,5266.46,2793.34,526.0,323.4,1623.7199999999998,-1169.6200000000003
285,2023-11-11,9636.52,4493.22,1232.18,123.77,3787.35,-705.8700000000003
286,2023-04-29,6670.05,3511.57,379.06,361.29,2418.13,-1093.44
287,2023-01-31,9706.19,4028.61,1099.97,156.92,4420.69,392.0799999999995
288,2023-03-03,1990.48,1253.32,129.01,208.47,399.68000000000006,-853.6399999999999
289,2023-02-16,2204.1,1432.38,321.11,426.25,24.359999999999786,-1408.0200000000004
290,2023-10-21,4395.63,2822.77,554.66,103.53,914.6700000000002,-1908.1
291,2023-08-29,1276.77,584.14,136.98,296.15,259.5,-324.64
292,2023-12-26,4581.47,3076.84,401.97,395.09,707.5700000000002,-2369.27
293,2023-05-03,4480.64,2897.04,493.07,213.57,876.9600000000005,-2020.0799999999995
294,2023-01-31,3649.21,2192.47,313.4,182.42,960.9200000000002,-1231.5499999999997
295,2023-06-21,1140.1,739.31,120.66,253.05,27.079999999999984,-712.23
296,2023-05-09,6787.95,3856.21,441.08,452.64,2038.02,-1818.19
297,2023-09-05,6965.7,3346.73,982.43,82.6,2553.94,-792.79
298,2023-08-21,9495.22,4920.62,783.37,59.52,3731.7099999999996,-1188.9100000000003
299,2023-10-02,3436.72,2242.55,315.59,227.49,651.0899999999997,-1591.4600000000005
300,2023-02-27,1106.45,471.75,150.19,381.41,103.10000000000002,-368.65
301,2023-01-18,7051.25,3552.03,837.07,444.1,2218.0499999999997,-1333.9800000000005
302,2023-10-27,1540.88,740.58,224.65,236.53,339.1200000000001,-401.4599999999999
303,2023-07-09,7095.71,4183.87,849.15,215.77,1846.92,-2336.95
304,2023-01-24,5910.67,2559.06,741.62,353.43,2256.5600000000004,-302.49999999999955
305,2023-11-24,4166.45,2601.96,396.48,132.07,1035.9399999999998,-1566.0200000000002
306,2023-09-22,2269.22,1435.31,176.08,401.7,256.1299999999998,-1179.18
307,2023-02-06,5519.45,3739.55,447.79,378.71,953.3999999999996,-2786.1500000000005
308,2023-01-18,5913.83,3404.52,393.26,208.23,1907.8200000000002,-1496.6999999999998
309,2023-01-18,4451.27,3099.18,343.07,81.5,927.5200000000007,-2171.659999999999
310,2023-11-23,1432.62,656.83,201.69,479.26,94.83999999999992,-561.9900000000001
311,2023-11-12,6197.97,2565.54,420.62,264.38,2947.4300000000003,381.8900000000003
312,2023-08-02,2381.4,1312.61,243.63,302.42,522.7400000000002,-789.8699999999997
313,2023-03-23,7922.9,3669.8,479.29,374.29,3399.5199999999995,-270.28000000000065
314,2023-12-14,5305.13,2532.96,607.82,393.28,1771.07,-761.8900000000001
315,2023-03-17,8323.65,5805.33,705.77,403.46,1409.0899999999997,-4396.24
316,2023-04-07,1245.88,680.59,184.23,238.27,142.79000000000005,-537.8
317,2023-02-24,6451.95,3454.93,369.13,287.46,2340.43,-1114.5
318,2023-04-12,9508.96,6523.86,1385.58,425.6,1173.9199999999996,-5349.9400000000005
319,2023-02-24,6445.77,3628.87,801.47,280.32,1735.1100000000006,-1893.7599999999993
320,2023-05-15,9622.41,3918.53,693.89,294.2,4715.789999999999,797.2599999999989
321,2023-07-05,4578.09,2038.5,526.3,275.81,1737.4800000000002,-301.01999999999975
322,2023-05-19,4636.65,2161.4,233.09,208.95,2033.2099999999994,-128.19000000000074
323,2023-10-01,2245.06,929.17,229.61,155.58,930.6999999999997,1.5299999999997453
324,2023-01-19,9369.71,4485.4,531.27,487.9,3865.139999999999,-620.2600000000007
325,2023-08-13,6687.98,4574.75,476.03,397.2,1239.9999999999995,-3334.7500000000005
326,2023-01-27,5345.74,2282.75,288.27,321.31,2453.41,170.65999999999985
327,2023-12-08,5113.17,2522.52,379.95,334.7,1876.0000000000002,-646.5199999999998
328,2023-04-05,4968.47,3218.12,276.76,218.66,1254.9300000000003,-1963.1899999999996
329,2023-10-18,6915.56,4755.0,893.49,294.01,973.0600000000004,-3781.9399999999996
330,2023-03-29,1136.68,712.18,93.83,217.53,113.14000000000013,-599.0399999999998
331,2023-04-07,2846.21,1191.34,380.95,61.98,1211.94,20.600000000000136
332,2023-11-04,5469.97,2394.62,785.12,355.06,1935.1700000000005,-459.44999999999936
333,2023-10-07,2948.43,1405.45,401.91,432.61,708.4599999999997,-696.9900000000004
334,2023-11-03,9206.42,5950.4,654.7,315.07,2286.2500000000005,-3664.149999999999
335,2023-11-11,1659.2,694.31,102.23,475.09,387.5700000000001,-306.73999999999984
336,2023-02-10,5187.83,2077.63,301.12,374.22,2434.8599999999997,357.22999999999956
337,2023-06-19,2074.99,1022.51,238.32,264.44,549.7199999999998,-472.7900000000002
338,2023-08-01,7799.26,3557.8,945.84,83.68,3211.94,-345.8600000000001
339,2023-07-16,8173.01,4587.44,707.1,466.83,2411.640000000001,-2175.799999999999
340,2023-01-10,6498.03,2966.7,358.74,329.44,2843.15,-123.54999999999973
341,2023-07-27,4359.77,2520.32,454.09,493.12,892.2400000000004,-1628.08
342,2023-11-01,9798.69,4092.12,702.38,106.68,4897.51,805.3900000000003
343,2023-12-04,9849.22,5367.8,823.32,343.42,3314.679999999999,-2053.1200000000013
344,2023-12-22,5706.18,3592.22,837.69,291.38,984.8900000000004,-2607.3299999999995
345,2023-12-20,8230.04,5284.11,714.97,145.08,2085.880000000001,-3198.2299999999987
346,2023-03-16,2604.41,1423.06,270.9,267.95,642.5,-780.56
347,2023-10-26,1965.84,963.35,286.61,395.93,319.9499999999999,-643.4000000000001
348,2023-06-09,7735.14,4206.55,973.16,291.63,2263.8,-1942.75
349,2023-01-03,7323.77,5051.84,504.51,328.68,1438.7400000000002,-3613.1
350,2023-08-23,6859.49,3807.7,863.55,104.81,2083.43,-1724.27
351,2023-12-17,2134.57,1294.81,161.22,57.03,621.5100000000002,-673.2999999999997
352,2023-02-23,7439.21,3861.16,860.16,363.01,2354.88,-1506.2799999999997
353,2023-03-30,1203.12,777.31,147.72,327.51,-49.42000000000007,-826.73
354,2023-08-15,2831.58,1146.12,203.75,438.15,1043.56,-102.55999999999995
355,2023-05-13,2885.19,1497.42,242.37,159.74,985.6600000000001,-511.76
356,2023-07-06,2148.25,1094.52,265.32,423.49,364.9200000000001,-729.5999999999999
357,2023-05-17,6628.32,3514.71,861.62,121.92,2130.0699999999997,-1384.6400000000003
358,2023-08-02,4480.4,2687.67,589.21,192.57,1010.9499999999996,-1676.7200000000005
359,2023-05-15,4861.87,2038.46,407.46,93.37,2322.58,284.1199999999999
360,2023-08-14,2014.47,839.43,162.91,128.86,883.27,43.84000000000003
361,2023-03-13,1094.65,687.04,152.62,132.46,122.53000000000011,-564.5099999999999
362,2023-10-08,4082.84,1806.9,291.49,66.73,1917.72,110.81999999999994
363,2023-11-28,2955.13,1469.13,375.63,421.45,688.9199999999998,-780.2100000000003
364,2023-12-17,3609.49,1877.44,192.43,277.04,1262.5799999999997,-614.8600000000004
365,2023-10-13,4979.22,2209.95,611.72,421.92,1735.63,-474.3199999999997
366,2023-05-26,4187.49,1715.78,439.46,487.71,1544.54,-171.24
367,2023-08-05,4503.11,3089.36,265.61,266.43,881.7099999999994,-2207.6500000000005
368,2023-06-18,9363.92,5292.31,558.55,404.91,3108.1499999999996,-2184.1600000000008
369,2023-06-07,5998.22,3650.91,593.99,76.37,1676.9500000000003,-1973.9599999999996
370,2023-02-15,3280.76,1972.29,431.6,240.68,636.1900000000003,-1336.0999999999997
371,2023-08-23,2352.61,1282.63,284.85,357.2,427.93,-854.7
372,2023-03-24,3139.15,1291.57,277.88,226.82,1342.8800000000003,51.3100000000004
373,2023-04-20,1842.93,875.41,227.52,264.69,475.3100000000001,-400.09999999999985
374,2023-11-09,2040.24,1234.08,217.18,125.56,463.42,-770.6599999999999
375,2023-11-03,9507.02,5598.07,900.28,324.97,2683.7000000000007,-2914.369999999999
376,2023-02-18,3885.46,1848.87,513.11,404.62,1118.8600000000001,-730.0099999999998
377,2023-10-29,4526.15,2829.69,479.64,493.71,723.1099999999997,-2106.5800000000004
378,2023-06-22,8466.96,3556.95,510.81,279.47,4119.729999999999,562.7799999999988
379,2023-10-16,6250.63,3128.84,337.83,68.54,2715.42,-413.4200000000001
380,2023-06-17,7015.81,4725.73,850.17,270.33,1169.5800000000008,-3556.1499999999987
381,2023-04-05,9735.27,4091.58,738.34,308.92,4596.43,504.85000000000036
382,2023-05-11,9515.82,6608.83,973.29,110.62,1823.08,-4785.75
383,2023-08-18,9362.22,4159.36,1221.96,158.23,3822.6699999999996,-336.69000000000005
384,2023-06-26,9622.61,5830.84,572.19,176.93,3042.6500000000005,-2788.1899999999996
385,2023-03-04,8599.34,3794.73,1124.54,398.41,3281.6600000000008,-513.0699999999993
386,2023-07-23,7817.1,4096.65,1168.65,240.27,2311.5300000000007,-1785.119999999999
387,2023-09-30,3640.22,1888.89,202.57,287.07,1261.6899999999998,-627.2000000000003
388,2023-12-22,3666.21,2141.37,290.45,322.82,911.5700000000002,-1229.7999999999997
389,2023-09-13,9889.85,5051.26,958.07,279.95,3600.57,-1450.69
390,2023-01-11,8731.2,4384.65,1035.61,485.68,2825.2600000000016,-1559.389999999998
391,2023-08-13,9747.29,5117.15,672.23,221.82,3736.090000000001,-1381.0599999999986
392,2023-09-02,1167.99,723.86,148.44,337.65,-41.95999999999998,-765.8199999999999
393,2023-06-22,2881.6,1927.26,341.3,430.06,182.97999999999996,-1744.28
394,2023-12-11,3421.59,2184.28,410.74,158.94,667.6299999999999,-1516.6500000000003
395,2023-01-25,4927.18,2327.05,401.15,373.52,1825.46,-501.59000000000015
396,2023-09-17,9972.89,5833.29,1245.07,384.62,2509.91,-3323.38
397,2023-03-30,2843.01,1476.82,342.47,210.32,813.4000000000003,-663.4199999999996
398,2023-01-04,6751.81,3857.54,469.69,108.31,2316.2700000000004,-1541.2699999999995
399,2023-09-30,6140.16,4259.03,381.76,408.59,1090.7800000000002,-3168.2499999999995
400,2023-04-27,3118.01,1544.82,334.56,288.48,950.1500000000003,-594.6699999999996
401,2023-10-04,9347.64,5053.27,881.61,110.38,3302.3799999999987,-1750.8900000000017
402,2023-08-29,7704.51,4660.72,1071.84,267.84,1704.1100000000001,-2956.61
403,2023-07-22,7981.1,3304.75,470.27,462.03,3744.05,439.3000000000002
404,2023-03-08,3524.93,1983.16,456.74,73.56,1011.4699999999998,-971.6900000000003
405,2023-09-24,6413.79,2835.79,929.73,416.52,2231.75,-604.04
406,2023-10-19,2317.55,1262.34,121.6,447.6,486.0100000000002,-776.3299999999997
407,2023-10-21,8374.53,5623.7,856.63,89.52,1804.6800000000007,-3819.019999999999
408,2023-07-03,5621.83,2293.17,507.93,212.93,2607.8,314.6300000000001
409,2023-11-19,7017.92,4334.97,466.73,472.72,1743.4999999999998,-2591.4700000000003
410,2023-07-27,9745.27,5462.86,689.3,181.03,3412.0800000000004,-2050.7799999999993
411,2023-03-02,7169.17,3080.57,959.91,252.0,2876.69,-203.8800000000001
412,2023-09-26,1088.66,605.61,87.15,267.76,128.1400000000001,-477.4699999999999
413,2023-09-12,6756.2,3675.93,503.71,137.54,2439.02,-1236.9099999999999
414,2023-06-24,9901.0,5663.5,637.8,433.39,3166.31,-2497.19
415,2023-02-20,5991.72,3880.13,562.12,162.75,1386.7200000000003,-2493.41
416,2023-05-26,5487.83,3668.91,685.58,112.51,1020.8300000000002,-2648.08
417,2023-03-23,4109.75,1654.31,346.75,86.94,2021.75,367.44000000000005
418,2023-04-18,6358.34,4019.1,867.25,341.53,1130.4600000000003,-2888.6399999999994
419,2023-03-20,1415.3,864.3,83.72,306.17,161.10999999999996,-703.19
420,2023-06-26,2450.71,1080.61,199.75,117.83,1052.5200000000002,-28.08999999999969
421,2023-05-04,9022.52,5377.98,741.55,54.3,2848.6900000000005,-2529.289999999999
422,2023-02-25,4829.13,2081.22,479.98,351.8,1916.1300000000003,-165.08999999999946
423,2023-03-22,2698.95,1172.9,403.43,401.8,720.8199999999997,-452.0800000000004
424,2023-04-11,5633.78,3630.52,341.27,404.88,1257.1099999999997,-2373.4100000000003
425,2023-08-15,4672.78,2630.34,513.83,367.58,1161.0299999999997,-1469.3100000000004
426,2023-07-09,8820.22,4822.87,550.15,356.1,3091.0999999999995,-1731.7700000000004
427,2023-10-14,9430.89,4274.17,491.05,270.63,4395.039999999999,120.86999999999898
428,2023-03-07,1426.36,714.75,193.65,108.9,409.05999999999995,-305.69000000000005
429,2023-05-18,9747.2,6332.49,1133.52,180.38,2100.810000000001,-4231.6799999999985
430,2023-12-08,4990.72,2867.58,302.64,442.34,1378.1600000000005,-1489.4199999999994
431,2023-12-20,4973.3,2294.54,547.43,281.14,1850.1900000000005,-444.34999999999945
432,2023-03-31,8940.28,4433.75,595.85,302.94,3607.7400000000007,-826.0099999999993
433,2023-01-24,3875.12,1757.44,448.94,487.77,1180.9699999999998,-576.4700000000003
434,2023-02-04,8365.58,4282.62,689.8,308.12,3085.04,-1197.58
435,2023-10-19,4361.84,2124.3,295.63,161.88,1780.0299999999997,-344.27000000000044
436,2023-01-15,7041.25,2847.79,1008.16,325.19,2860.11,12.320000000000164
437,2023-11-13,6600.48,4601.83,433.59,337.19,1227.8699999999997,-3373.96
438,2023-10-23,2251.03,1267.13,167.84,167.75,648.3100000000001,-618.82
439,2023-09-10,2871.0,1487.18,153.43,306.59,923.8,-563.3800000000001
440,2023-07-18,9449.07,5142.66,663.49,265.73,3377.19,-1765.4699999999998
441,2023-11-19,3096.84,1446.24,309.32,136.5,1204.7800000000002,-241.4599999999998
442,2023-10-23,6155.14,2774.39,312.06,400.86,2667.8300000000004,-106.55999999999949
443,2023-08-24,1163.25,581.3,114.58,405.13,62.240000000000066,-519.06
444,2023-07-17,5753.05,3272.74,632.42,487.97,1359.9200000000003,-1912.8199999999995
445,2023-02-14,4310.83,1964.53,489.68,87.55,1769.0700000000002,-195.4599999999998
446,2023-09-26,2561.13,1321.23,317.97,142.27,779.6600000000001,-541.5699999999999
447,2023-02-22,1718.16,912.81,195.5,260.68,349.17000000000013,-563.6399999999999
448,2023-04-26,8807.25,4428.67,680.23,497.79,3200.56,-1228.1100000000001
449,2023-06-08,8660.67,4326.21,835.86,344.48,3154.12,-1172.0900000000001
450,2023-04-13,8352.32,3721.88,468.07,328.49,3833.88,112.0
451,2023-10-21,2220.88,1451.56,254.16,147.69,367.4700000000002,-1084.0899999999997
452,2023-09-01,2751.13,1752.14,210.28,183.29,605.4200000000001,-1146.72
453,2023-07-20,2355.41,1362.86,152.94,317.38,522.2299999999999,-840.63
454,2023-11-10,4563.24,2812.38,634.84,72.59,1043.4299999999996,-1768.9500000000005
455,2023-11-09,4425.73,2062.43,383.17,235.35,1744.7799999999997,-317.6500000000001
456,2023-10-03,1018.96,570.39,118.24,200.35,129.98000000000005,-440.40999999999997
457,2023-05-08,3614.54,1845.79,534.85,477.37,756.5300000000001,-1089.2599999999998
458,2023-03-14,6508.16,3355.86,435.15,163.13,2554.0199999999995,-801.8400000000006
459,2023-05-03,9203.9,5239.17,1099.37,239.0,2626.3599999999997,-2612.8100000000004
460,2023-01-13,5513.48,3799.73,300.13,308.81,1104.8099999999995,-2694.9200000000005
461,2023-05-10,7148.66,3203.87,488.11,339.55,3117.1299999999997,-86.74000000000024
462,2023-05-07,4498.2,2214.8,292.78,229.47,1761.1499999999996,-453.65000000000055
463,2023-07-22,3925.95,2352.71,316.29,405.79,851.1599999999999,-1501.5500000000002
464,2023-12-11,7087.64,4079.75,925.83,427.92,1654.1400000000003,-2425.6099999999997
465,2023-01-11,3673.2,2246.6,267.79,218.31,940.5,-1306.1
466,2023-04-08,9368.95,6023.7,825.72,54.13,2465.4000000000005,-3558.2999999999993
467,2023-10-24,8287.85,4575.97,604.53,187.06,2920.2900000000004,-1655.6799999999998
468,2023-12-15,4003.11,1908.82,203.2,400.4,1490.69,-418.1299999999999
469,2023-05-22,7311.62,3117.32,567.31,350.09,3276.899999999999,159.57999999999902
470,2023-05-01,8967.1,6028.24,1328.87,433.94,1176.0500000000006,-4852.189999999999
471,2023-12-05,7403.1,4410.24,908.56,275.68,1808.6200000000006,-2601.619999999999
472,2023-10-06,7733.61,3582.18,932.59,62.54,3156.3,-425.87999999999965
473,2023-10-07,3442.6,1570.94,203.7,262.59,1405.37,-165.57000000000016
474,2023-07-20,9884.11,6577.15,1456.33,323.21,1527.420000000001,-5049.729999999999
475,2023-04-07,2677.02,1394.84,285.85,431.47,564.86,-829.9799999999999
476,2023-01-09,5228.05,3315.86,466.08,483.04,963.0700000000002,-2352.79
477,2023-09-14,6721.93,4207.69,371.64,300.09,1842.510000000001,-2365.1799999999985
478,2023-07-04,4287.73,2984.15,266.99,158.76,877.8299999999995,-2106.3200000000006
479,2023-05-24,2608.4,1419.53,150.51,337.43,700.9300000000001,-718.5999999999999
480,2023-11-29,6522.49,3297.71,412.84,106.85,2705.0899999999997,-592.6200000000003
481,2023-02-01,7472.23,4084.97,985.4,330.04,2071.8199999999997,-2013.15
482,2023-02-02,7969.6,5363.12,1006.59,233.94,1365.9500000000003,-3997.1699999999996
483,2023-05-28,8355.57,5406.51,701.76,87.81,2159.4899999999993,-3247.020000000001
484,2023-10-31,3313.2,1348.73,282.17,96.42,1585.8799999999997,237.14999999999964
485,2023-06-28,3961.08,2628.95,235.65,88.93,1007.55,-1621.3999999999999
486,2023-07-10,9757.0,4675.41,726.2,417.63,3937.76,-737.6499999999996
487,2023-12-07,4196.66,2821.04,597.8,459.57,318.24999999999994,-2502.79
488,2023-12-02,1082.25,681.5,108.47,295.72,-3.4400000000000546,-684.94
489,2023-07-09,8612.54,3477.36,780.01,114.08,4241.09,763.73
490,2023-11-15,3735.93,1896.38,338.0,409.38,1092.1699999999996,-804.2100000000005
491,2023-08-21,4323.91,1883.97,291.56,259.32,1889.0599999999997,5.089999999999691
492,2023-10-01,1482.59,873.68,78.32,286.56,244.02999999999992,-629.6500000000001
493,2023-04-21,1109.04,522.19,78.96,331.97,175.9199999999999,-346.27000000000015
494,2023-05-23,7817.43,5078.36,427.47,265.6,2046.0000000000005,-3032.359999999999
495,2023-05-23,7836.32,5317.56,529.1,230.42,1759.2399999999993,-3558.320000000001
496,2023-06-22,2248.86,1162.1,263.42,157.3,666.0400000000002,-496.0599999999997
497,2023-04-23,2994.28,1916.28,316.37,474.13,287.5000000000002,-1628.7799999999997
498,2023-09-12,2026.3,1267.45,144.31,458.52,156.01999999999998,-1111.43
499,2023-10-04,6239.47,3614.04,906.33,270.35,1448.7500000000005,-2165.2899999999995
500,2023-06-08,4370.9,2042.79,553.68,262.83,1511.6,-531.19
501,2023-10-12,8346.58,4030.76,769.8,68.74,3477.2799999999997,-553.4800000000005
502,2023-09-09,1707.51,902.97,125.28,134.59,544.67,-358.30000000000007
503,2023-04-04,6100.43,2503.1,678.53,472.73,2446.07,-57.029999999999745
504,2023-01-29,1691.52,985.74,252.33,330.29,123.15999999999991,-862.5800000000002
505,2023-03-04,5726.92,2959.23,333.85,467.7,1966.14,-993.0899999999999
506,2023-04-28,6647.48,3189.44,507.1,404.77,2546.1699999999996,-643.2700000000004
507,2023-05-20,1770.93,1143.83,256.38,77.19,293.53000000000014,-850.2999999999997
508,2023-04-08,8520.95,5480.26,983.25,474.27,1583.1700000000005,-3897.0899999999997
509,2023-06-10,7048.18,3868.37,683.65,445.13,2051.03,-1817.3399999999997
510,2023-03-17,5839.25,4051.2,509.39,366.29,912.3700000000003,-3138.8299999999995
511,2023-09-29,5420.09,2647.53,805.17,373.76,1593.6299999999999,-1053.9000000000003
512,2023-12-05,5014.69,2821.03,623.57,268.68,1301.4099999999992,-1519.620000000001
513,2023-09-12,2726.54,1667.32,238.15,246.14,574.9300000000001,-1092.3899999999999
514,2023-05-17,7925.55,4752.04,778.94,75.05,2319.52,-2432.52
515,2023-05-13,7903.52,4499.63,748.56,201.64,2453.6900000000005,-2045.9399999999996
516,2023-08-31,1646.61,959.97,157.61,436.6,92.42999999999984,-867.5400000000002
517,2023-01-19,7226.26,3299.54,673.09,346.74,2906.8900000000003,-392.64999999999964
518,2023-07-31,7448.85,3791.32,806.87,329.53,2521.13,-1270.19
519,2023-12-10,6861.68,3831.17,1009.24,405.32,1615.9500000000003,-2215.22
520,2023-07-01,9194.54,4507.82,1363.03,113.16,3210.5300000000016,-1297.2899999999981
521,2023-10-29,4825.04,2069.7,456.06,319.25,1980.0300000000002,-89.66999999999962
522,2023-09-08,1494.19,972.22,211.47,385.08,-74.57999999999998,-1046.8
523,2023-01-09,4539.53,1835.31,601.61,78.67,2023.9399999999996,188.62999999999965
524,2023-08-09,1372.33,870.25,173.72,226.84,101.5199999999999,-768.7300000000001
525,2023-03-04,6004.51,3230.31,618.11,395.11,1760.98,-1469.33
526,2023-10-17,1679.03,717.95,144.64,221.53,594.91,-123.04000000000008
527,2023-04-07,6510.79,2745.06,535.08,480.31,2750.34,5.2800000000002
528,2023-01-09,8528.68,4194.31,1038.07,396.92,2899.38,-1294.9300000000003
529,2023-07-29,2324.57,1298.76,302.22,473.77,249.82000000000016,-1048.9399999999998
530,2023-07-10,6397.25,3532.81,599.95,469.57,1794.9199999999998,-1737.89
531,2023-10-26,6509.33,2808.32,590.02,438.88,2672.1099999999997,-136.2100000000005
532,2023-04-01,4625.53,1988.43,469.13,374.38,1793.5899999999992,-194.84000000000083
533,2023-10-10,9171.74,4334.82,943.23,165.76,3727.9300000000003,-606.8899999999994
534,2023-12-08,8050.5,4809.78,1039.91,341.66,1859.1500000000003,-2950.629999999999
535,2023-12-10,8130.5,4091.84,776.09,410.06,2852.5099999999998,-1239.3300000000004
536,2023-07-12,6452.45,3947.97,336.45,364.24,1803.7900000000002,-2144.1799999999994
537,2023-10-20,5927.09,3465.57,628.72,85.09,1747.71,-1717.8600000000001
538,2023-05-04,8683.72,3965.84,932.09,205.85,3579.939999999999,-385.900000000001
539,2023-03-10,9963.43,4861.92,1187.52,174.09,3739.9,-1122.02
540,2023-07-18,9966.76,4196.93,1066.18,214.75,4488.9,291.96999999999935
541,2023-10-21,6641.34,3716.58,344.83,433.72,2146.21,-1570.37
542,2023-01-08,2924.08,1896.36,282.09,301.89,443.7400000000001,-1452.62
543,2023-09-06,8883.4,6123.59,987.84,494.91,1277.0599999999993,-4846.530000000001
544,2023-12-13,3630.68,2165.75,524.54,163.69,776.6999999999998,-1389.0500000000002
545,2023-12-12,8099.23,5312.32,900.57,177.15,1709.1899999999996,-3603.13
546,2023-01-21,8660.13,4920.4,773.35,498.37,2468.0099999999998,-2452.39
547,2023-11-05,2068.24,1254.51,128.55,412.29,272.8899999999998,-981.6200000000001
548,2023-07-18,1420.71,648.41,184.89,93.98,493.43000000000006,-154.9799999999999
549,2023-12-18,5635.82,3580.21,404.46,70.64,1580.5099999999995,-1999.7000000000005
550,2023-11-14,5803.22,3886.6,750.82,192.35,973.4500000000002,-2913.1499999999996
551,2023-05-05,1620.7,807.68,214.94,178.95,419.13000000000017,-388.5499999999998
552,2023-03-10,5241.32,2559.8,700.35,424.62,1556.5499999999997,-1003.2500000000005
553,2023-02-28,8277.21,3587.02,1199.08,412.06,3079.049999999999,-507.97000000000116
554,2023-02-06,4901.96,1968.1,716.64,428.56,1788.6600000000003,-179.4399999999996
555,2023-07-28,7038.29,4178.48,468.71,470.99,1920.1100000000004,-2258.369999999999
556,2023-12-29,1346.16,699.91,170.44,83.14,392.67000000000013,-307.23999999999984
557,2023-03-12,5056.82,2424.83,703.93,144.07,1783.99,-640.8399999999999
558,2023-03-20,4894.41,2870.64,556.74,219.94,1247.09,-1623.55
559,2023-08-14,4883.57,3294.32,427.93,273.06,888.2599999999995,-2406.0600000000004
560,2023-08-17,2805.31,1424.73,318.72,132.67,929.1899999999999,-495.5400000000001
561,2023-03-13,4553.2,2211.98,626.41,106.79,1608.02,-603.96
562,2023-07-26,6127.1,3419.06,459.21,375.82,1873.0100000000004,-1546.0499999999995
563,2023-01-25,1283.65,692.31,182.9,150.21,258.23000000000013,-434.0799999999998
564,2023-06-27,8820.02,5186.15,1083.14,439.89,2110.8400000000006,-3075.309999999999
565,2023-12-08,9778.47,4951.0,891.69,450.07,3485.709999999999,-1465.2900000000009
566,2023-02-12,8359.33,3981.03,1236.41,201.82,2940.0699999999993,-1040.960000000001
567,2023-10-21,5621.77,2768.7,591.28,426.42,1835.3700000000008,-933.329999999999
568,2023-05-16,6027.18,2499.42,645.22,442.03,2440.51,-58.909999999999854
569,2023-07-28,2457.79,1129.96,222.81,300.0,805.02,-324.94000000000005
570,2023-05-05,9619.87,5983.53,1219.05,495.7,1921.5900000000008,-4061.9399999999987
571,2023-05-20,7813.1,3142.31,1062.03,183.97,3424.7900000000013,282.4800000000014
572,2023-06-14,4953.97,2918.32,436.88,150.38,1448.3899999999999,-1469.9300000000003
573,2023-12-16,6129.91,4086.29,486.69,137.64,1419.29,-2667.0
574,2023-12-21,4538.16,1917.38,458.79,55.02,2106.97,189.5899999999997
575,2023-08-07,9314.3,4437.25,942.61,451.09,3483.349999999999,-953.900000000001
576,2023-02-15,4780.26,3244.78,572.58,318.27,644.63,-2600.15
577,2023-12-14,3360.4,2195.53,457.6,56.28,650.9899999999999,-1544.5400000000004
578,2023-03-23,4023.85,2012.96,317.74,166.8,1526.35,-486.6100000000001
579,2023-10-10,3970.97,2466.55,445.57,264.19,794.6599999999996,-1671.8900000000006
580,2023-03-26,9336.12,3840.86,1267.66,288.44,3939.1600000000003,98.30000000000018
581,2023-01-22,3473.21,1785.84,320.0,440.2,927.1700000000001,-858.6699999999998
582,2023-10-04,8399.2,4474.31,518.86,53.01,3353.02,-1121.2900000000004
583,2023-08-04,8411.84,3909.62,831.91,274.81,3395.5000000000005,-514.1199999999994
584,2023-10-13,4319.07,2356.3,304.66,101.11,1556.9999999999995,-799.3000000000006
585,2023-04-11,6629.92,4499.73,499.56,89.29,1541.3400000000006,-2958.389999999999
586,2023-02-03,6371.4,3061.77,602.17,363.18,2344.2799999999997,-717.4900000000002
587,2023-02-03,8737.05,4034.88,824.9,68.17,3809.099999999999,-225.7800000000011
588,2023-03-12,3390.75,2189.98,184.92,412.99,602.86,-1587.12
589,2023-01-09,2158.78,1120.52,184.95,299.64,553.6700000000002,-566.8499999999998
590,2023-07-31,6224.91,3635.16,475.22,470.16,1644.3699999999997,-1990.7900000000002
591,2023-09-21,7629.95,4158.28,692.31,140.11,2639.25,-1519.0299999999997
592,2023-05-17,3878.39,1741.0,223.8,190.46,1723.1299999999999,-17.87000000000012
593,2023-11-20,9612.74,5947.02,1348.85,436.01,1880.8599999999994,-4066.1600000000008
594,2023-02-19,4218.43,2731.63,343.72,375.71,767.3700000000001,-1964.26
595,2023-04-15,4142.91,2433.03,408.28,186.0,1115.5999999999997,-1317.4300000000005
596,2023-06-20,8215.76,3428.78,422.07,126.29,4238.62,809.8399999999997
597,2023-02-12,4182.0,1963.22,563.16,331.06,1324.56,-638.6600000000001
598,2023-12-13,3384.29,1660.47,398.05,361.6,964.17,-696.3000000000001
599,2023-01-06,4060.64,2758.66,302.9,106.61,892.47,-1866.1899999999998
600,2023-06-02,7245.68,3794.94,1027.05,98.83,2324.8600000000006,-1470.0799999999995
601,2023-02-10,6150.07,3431.5,808.73,345.6,1564.2399999999998,-1867.2600000000002
602,2023-05-13,7047.53,4260.61,687.17,291.12,1808.63,-2451.9799999999996
603,2023-09-05,9714.99,5089.25,502.09,190.12,3933.5299999999997,-1155.7200000000003
604,2023-05-25,1597.15,1016.04,156.32,464.78,-39.98999999999984,-1056.0299999999997
605,2023-08-20,3941.97,2265.92,243.62,414.01,1018.4199999999998,-1247.5000000000002
606,2023-05-21,9886.23,4677.27,908.16,274.87,4025.9299999999994,-651.340000000001
607,2023-09-26,2753.8,1808.11,311.51,197.84,436.34000000000026,-1371.7699999999995
608,2023-09-06,9263.67,6476.24,1007.8,224.83,1554.8000000000004,-4921.44
609,2023-02-11,5468.52,2325.76,303.3,307.71,2531.75,205.98999999999978
610,2023-08-09,5296.14,3133.34,521.34,250.94,1390.52,-1742.8200000000002
611,2023-08-30,3698.45,1900.45,475.17,381.04,941.7899999999997,-958.6600000000003
612,2023-02-06,3157.78,2006.12,409.0,425.19,317.4700000000003,-1688.6499999999996
613,2023-04-04,5348.84,2477.65,380.98,475.51,2014.7,-462.95000000000005
614,2023-03-31,2255.8,1503.9,129.7,330.83,291.37000000000006,-1212.53
615,2023-11-26,5223.09,2960.03,643.75,143.8,1475.51,-1484.5200000000002
616,2023-06-30,3694.12,2558.78,459.88,436.33,239.1299999999997,-2319.6500000000005
617,2023-01-16,2848.02,1849.74,329.49,78.73,590.06,-1259.68
618,2023-08-27,7411.5,3755.82,570.36,483.48,2601.8399999999997,-1153.9800000000005
619,2023-12-27,7027.97,4488.54,946.12,407.13,1186.1800000000003,-3302.3599999999997
620,2023-11-13,9245.95,6186.7,1088.77,164.13,1806.3500000000008,-4380.3499999999985
621,2023-05-19,4169.32,1751.74,402.3,401.37,1613.9099999999999,-137.83000000000015
622,2023-08-13,9138.58,4541.11,1009.7,356.02,3231.7500000000005,-1309.3599999999992
623,2023-03-01,9521.77,5706.03,798.15,84.2,2933.390000000001,-2772.639999999999
624,2023-01-18,6667.45,3383.51,998.97,141.66,2143.3099999999995,-1240.2000000000007
625,2023-02-05,1244.21,562.87,85.71,173.1,422.53,-140.34000000000003
626,2023-10-15,5859.06,3632.99,407.08,162.39,1656.6000000000008,-1976.389999999999
627,2023-07-26,1786.7,857.14,216.15,451.67,261.74000000000007,-595.3999999999999
628,2023-05-17,8019.37,3904.38,588.04,357.61,3169.3399999999997,-735.0400000000004
629,2023-08-22,7921.83,4267.0,623.77,256.89,2774.17,-1492.83
630,2023-06-26,3463.0,1928.3,280.24,319.32,935.1400000000001,-993.1599999999999
631,2023-11-27,2779.7,1212.4,384.96,185.38,996.9599999999997,-215.4400000000004
632,2023-07-27,4659.53,2028.25,292.3,450.82,1888.1599999999996,-140.09000000000037
633,2023-07-28,2575.89,1140.05,172.32,323.92,939.5999999999999,-200.45000000000005
634,2023-05-14,5289.52,3588.9,612.43,457.8,630.3900000000006,-2958.5099999999993
635,2023-09-18,4248.8,2649.38,616.73,497.05,485.64000000000004,-2163.7400000000002
636,2023-11-05,5355.39,2945.84,504.2,113.67,1791.68,-1154.16
637,2023-07-12,5417.16,2938.7,666.46,167.52,1644.48,-1294.2199999999998
638,2023-09-27,4982.14,2569.08,443.12,434.13,1535.8100000000004,-1033.2699999999995
639,2023-07-27,4224.0,1909.27,286.65,481.56,1546.52,-362.75
640,2023-10-21,4304.68,2585.86,247.24,406.81,1064.7700000000002,-1521.09
641,2023-01-27,6138.81,3098.55,806.24,165.22,2068.8000000000006,-1029.7499999999995
642,2023-09-11,5421.49,3760.28,499.28,479.35,682.5799999999996,-3077.7000000000007
643,2023-12-10,2965.8,1600.45,210.52,268.38,886.4500000000002,-713.9999999999999
644,2023-09-07,3005.72,1470.58,219.22,402.52,913.3999999999999,-557.1800000000001
645,2023-06-24,7047.52,4884.14,639.42,237.35,1286.6100000000001,-3597.53
646,2023-04-17,8638.23,3511.97,1102.0,312.19,3712.07,200.10000000000036
647,2023-12-21,7570.63,4261.62,587.7,407.95,2313.3600000000006,-1948.2599999999993
648,2023-01-25,8592.96,4966.49,1190.55,305.57,2130.349999999999,-2836.140000000001
649,2023-03-31,4270.33,2979.99,313.07,199.07,778.2000000000003,-2201.7899999999995
650,2023-10-05,9703.51,4240.3,1229.53,225.34,4008.34,-231.96000000000004
651,2023-09-20,7535.06,3786.72,826.73,345.57,2576.0400000000004,-1210.6799999999994
652,2023-09-04,6478.94,3372.08,701.63,122.31,2282.9199999999996,-1089.1600000000003
653,2023-10-25,1190.7,659.31,90.7,350.14,90.55000000000013,-568.7599999999998
654,2023-06-14,8216.52,5281.92,583.72,97.44,2253.44,-3028.48
655,2023-06-25,7421.0,4021.34,840.22,289.37,2270.0699999999997,-1751.2700000000004
656,2023-01-26,4461.69,2686.74,242.67,200.31,1331.9699999999998,-1354.77
657,2023-12-07,6005.08,3755.59,561.99,77.04,1610.4599999999998,-2145.13
658,2023-09-29,5507.29,3704.86,427.41,274.8,1100.2199999999998,-2604.6400000000003
659,2023-02-02,9366.19,5337.9,874.35,459.75,2694.190000000001,-2643.7099999999987
660,2023-07-18,3141.35,1850.02,376.72,434.18,480.4299999999999,-1369.5900000000001
661,2023-05-29,4830.97,2131.61,609.76,298.33,1791.2700000000004,-340.3399999999997
662,2023-01-25,1701.89,716.73,97.52,177.6,710.0400000000001,-6.689999999999941
663,2023-09-06,7879.38,3863.54,777.49,53.83,3184.5200000000004,-679.0199999999995
664,2023-09-29,7485.3,4032.72,630.12,176.25,2646.2100000000005,-1386.5099999999993
665,2023-01-03,4078.37,2287.83,461.47,302.28,1026.79,-1261.04
666,2023-02-08,7864.41,4964.55,916.78,265.84,1717.2399999999998,-3247.3100000000004
667,2023-06-26,2476.18,1391.15,159.34,271.96,653.7299999999998,-737.4200000000003
668,2023-07-04,5225.63,3152.13,418.49,338.63,1316.38,-1835.75
669,2023-02-28,1135.61,508.65,86.72,185.66,354.5799999999999,-154.07000000000005
670,2023-02-19,6314.71,3580.46,651.68,272.8,1809.7700000000002,-1770.6899999999998
671,2023-07-10,4645.51,2415.3,599.42,434.88,1195.9099999999999,-1219.3900000000003
672,2023-04-25,6675.49,4186.91,693.23,169.22,1626.1299999999999,-2560.7799999999997
673,2023-10-05,9597.14,5223.06,1046.79,437.44,2889.849999999999,-2333.2100000000014
674,2023-06-30,9354.88,6073.01,1081.58,90.05,2110.239999999999,-3962.7700000000013
675,2023-02-07,8708.23,4432.09,513.16,286.2,3476.7799999999997,-955.3100000000004
676,2023-08-10,9222.92,3765.14,1270.4,122.44,4064.940000000001,299.8000000000011
677,2023-04-06,8488.27,5270.78,724.45,497.09,1995.950000000001,-3274.829999999999
678,2023-05-10,2849.1,1744.06,379.02,338.67,387.34999999999997,-1356.71
679,2023-12-08,7891.13,3786.26,684.72,387.16,3032.99,-753.2700000000004
680,2023-03-30,8611.46,5478.77,753.7,459.24,1919.7499999999989,-3559.0200000000013
681,2023-11-19,7290.97,3692.36,883.75,198.17,2516.69,-1175.67
682,2023-10-01,4920.07,2435.52,569.43,425.54,1489.58,-945.94
683,2023-07-28,5820.45,4046.87,819.32,92.3,861.9599999999999,-3184.91
684,2023-10-13,9933.17,4987.94,681.8,462.72,3800.71,-1187.2299999999996
685,2023-11-03,7142.38,3303.36,874.58,53.97,2910.4700000000003,-392.8899999999999
686,2023-06-22,1227.19,595.82,90.05,339.54,201.78000000000003,-394.04
687,2023-08-05,3709.99,2002.04,246.76,321.58,1139.61,-862.4300000000001
688,2023-01-19,2566.33,1191.84,259.56,489.11,625.82,-566.0199999999999
689,2023-04-07,5451.13,3672.43,586.15,467.6,724.9500000000002,-2947.4799999999996
690,2023-06-22,7643.27,4692.91,1094.74,165.7,1689.9200000000005,-3002.9899999999993
691,2023-05-27,6329.85,4104.27,635.88,463.77,1125.9299999999998,-2978.3400000000006
692,2023-01-09,2745.02,1277.26,276.56,234.14,957.0600000000001,-320.19999999999993
693,2023-04-28,6626.23,3333.45,681.07,355.86,2255.8499999999995,-1077.6000000000004
694,2023-11-10,8370.57,3942.36,655.61,355.7,3416.899999999999,-525.460000000001
695,2023-04-22,2561.35,1213.26,156.95,458.43,732.7099999999998,-480.5500000000002
696,2023-12-21,6063.45,3608.91,764.3,134.27,1555.97,-2052.9399999999996
697,2023-06-28,7078.82,3329.89,717.14,128.88,2902.91,-426.98
698,2023-07-29,8806.56,3871.65,547.21,472.54,3915.16,43.50999999999976
699,2023-06-26,6720.85,3680.29,341.56,390.85,2308.1500000000005,-1372.1399999999994
700,2023-05-26,8743.48,3675.99,745.99,270.74,4050.76,374.77000000000044
701,2023-01-25,9924.56,6092.7,1044.03,322.6,2465.23,-3627.47
702,2023-11-27,7864.56,4459.97,569.29,328.77,2506.53,-1953.44
703,2023-05-19,5088.34,2312.1,385.88,468.02,1922.3400000000001,-389.75999999999976
704,2023-03-05,8688.88,4811.59,798.61,197.48,2881.199999999999,-1930.3900000000012
705,2023-08-25,3207.0,1708.2,446.01,251.33,801.4599999999999,-906.7400000000001
706,2023-11-25,4707.08,1937.03,499.52,409.88,1860.65,-76.37999999999988
707,2023-11-08,8235.84,3973.32,589.74,125.49,3547.290000000001,-426.0299999999993
708,2023-11-16,8443.24,4914.76,1056.27,278.05,2194.1599999999994,-2720.600000000001
709,2023-10-05,8653.07,5007.96,501.96,365.67,2777.4799999999996,-2230.4800000000005
710,2023-08-27,7493.12,4857.64,732.43,427.26,1475.7899999999997,-3381.8500000000004
711,2023-08-13,6073.85,2735.91,371.9,302.72,2663.3200000000006,-72.58999999999924
712,2023-01-01,2449.36,1003.01,318.79,123.52,1004.0400000000002,1.0300000000002
713,2023-12-12,9671.31,5705.28,610.18,179.57,3176.2799999999997,-2529.0
714,2023-04-12,3351.57,1948.63,394.51,359.99,648.44,-1300.19
715,2023-06-02,7199.2,4214.11,1011.09,278.67,1695.33,-2518.7799999999997
716,2023-03-23,2779.56,1877.09,404.89,97.9,399.68000000000006,-1477.4099999999999
717,2023-03-25,1030.13,449.04,154.26,258.56,168.27000000000015,-280.76999999999987
718,2023-01-03,5866.23,2544.4,618.18,260.95,2442.7,-101.70000000000027
719,2023-08-22,5786.48,3489.99,533.31,497.73,1265.4499999999998,-2224.54
720,2023-05-06,4826.47,3008.35,532.27,218.3,1067.5500000000004,-1940.7999999999995
721,2023-09-12,9747.38,6492.49,968.22,240.38,2046.289999999999,-4446.200000000001
722,2023-11-30,2384.39,991.26,246.53,75.6,1071.0,79.74000000000001
723,2023-01-24,1291.56,790.44,109.93,236.91,154.2799999999999,-636.1600000000002
724,2023-02-26,1368.62,712.5,185.44,160.39,310.2899999999999,-402.2100000000001
725,2023-01-17,4592.44,1855.87,636.7,465.55,1634.32,-221.54999999999995
726,2023-01-21,4748.68,2656.67,593.24,110.36,1388.4100000000003,-1268.2599999999998
727,2023-12-01,6732.07,3058.04,875.07,86.12,2712.8399999999997,-345.2000000000003
728,2023-06-23,7136.18,3511.45,1014.53,457.11,2153.0900000000006,-1358.3599999999992
729,2023-07-21,5813.6,3957.4,533.6,341.35,981.2500000000003,-2976.1499999999996
730,2023-09-14,9755.98,4322.01,1442.1,127.15,3864.7199999999993,-457.2900000000009
731,2023-09-24,1883.87,1181.87,160.67,186.32,355.01000000000005,-826.8599999999999
732,2023-02-14,8202.13,4405.95,619.81,79.71,3096.6599999999994,-1309.2900000000004
733,2023-12-22,3851.14,2476.99,484.67,100.08,789.4,-1687.5899999999997
734,2023-02-11,6977.96,4820.67,1004.99,261.07,891.23,-3929.44
735,2023-02-02,3239.57,2161.92,321.48,150.28,605.8900000000001,-1556.03
736,2023-01-09,7380.97,3418.73,423.31,116.04,3422.8900000000003,4.160000000000309
737,2023-03-02,9155.41,5421.77,1049.39,369.42,2314.829999999999,-3106.9400000000014
738,2023-08-17,2550.09,1022.76,275.81,213.85,1037.6700000000003,14.91000000000031
739,2023-01-01,4465.63,3119.51,238.93,163.17,944.0199999999999,-2175.4900000000002
740,2023-10-04,3900.0,2462.11,352.13,396.01,689.7499999999998,-1772.3600000000004
741,2023-06-17,8993.44,4777.33,988.38,147.35,3080.3800000000006,-1696.9499999999994
742,2023-09-26,8356.11,4516.56,609.05,437.98,2792.52,-1724.0400000000004
743,2023-10-11,4842.14,2272.53,653.19,266.19,1650.23,-622.3000000000002
744,2023-03-21,9960.66,4574.14,989.91,387.65,4008.9599999999996,-565.1800000000007
745,2023-11-23,5769.66,3637.77,340.29,403.39,1388.21,-2249.56
746,2023-05-19,2082.5,1391.28,140.57,128.41,422.2400000000001,-969.0399999999998
747,2023-05-31,5244.7,3623.04,389.55,70.42,1161.6899999999998,-2461.3500000000004
748,2023-02-02,3775.13,1628.36,528.76,463.04,1154.9700000000005,-473.3899999999994
749,2023-08-18,3479.77,1649.17,316.61,115.3,1398.6899999999998,-250.48000000000025
750,2023-06-22,1663.2,839.33,193.19,326.42,304.26000000000005,-535.0699999999999
751,2023-12-14,6873.98,4024.02,439.32,388.83,2021.8099999999995,-2002.2100000000005
752,2023-06-29,1488.0,848.1,144.35,329.02,166.52999999999997,-681.57
753,2023-11-17,5038.4,2435.41,323.65,459.47,1819.8699999999997,-615.5400000000002
754,2023-11-20,5218.43,2961.98,649.27,332.66,1274.5200000000002,-1687.4599999999998
755,2023-02-27,8349.57,4133.16,433.53,439.25,3343.63,-789.5299999999997
756,2023-11-26,3668.4,1950.36,202.71,75.84,1439.4900000000002,-510.86999999999966
757,2023-10-17,3512.79,2255.57,400.49,465.08,391.6499999999998,-1863.9200000000003
758,2023-09-09,6430.08,2990.13,448.13,355.07,2636.7499999999995,-353.38000000000056
759,2023-08-13,6098.72,3316.19,381.2,259.01,2142.3200000000006,-1173.8699999999994
760,2023-11-29,8737.07,5459.17,1266.91,277.08,1733.9099999999996,-3725.26
761,2023-12-24,5854.41,3160.16,861.53,123.67,1709.05,-1451.11
762,2023-04-03,9951.38,4986.36,869.7,471.78,3623.54,-1362.8199999999997
763,2023-06-06,8122.78,4682.22,954.69,470.67,2015.1999999999994,-2667.020000000001
764,2023-06-08,8446.15,4575.13,940.82,136.14,2794.0599999999995,-1781.0700000000006
765,2023-06-17,1267.18,826.96,126.58,178.08,135.56000000000003,-691.4
766,2023-12-25,8812.98,3953.44,1186.29,365.1,3308.149999999999,-645.2900000000009
767,2023-11-21,3129.16,1497.07,369.52,334.35,928.2199999999999,-568.85
768,2023-10-11,2619.9,1117.68,300.73,248.62,952.87,-164.81000000000006
769,2023-09-09,8172.0,4120.39,825.46,339.47,2886.6799999999994,-1233.710000000001
770,2023-03-13,1860.98,1011.96,263.11,414.45,171.45999999999998,-840.5
771,2023-06-19,9866.77,4952.37,1325.04,391.76,3197.6000000000004,-1754.7699999999995
772,2023-05-30,4999.58,2270.46,680.71,51.34,1997.07,-273.3900000000001
773,2023-12-03,8910.76,4963.29,1014.99,459.47,2473.01,-2490.2799999999997
774,2023-03-29,4309.5,1884.14,518.88,304.36,1602.1199999999994,-282.02000000000066
775,2023-04-05,7075.18,3348.29,1051.39,388.46,2287.04,-1061.25
776,2023-03-06,4057.91,1967.86,295.85,67.88,1726.3200000000002,-241.53999999999974
777,2023-09-25,3534.69,2130.82,285.44,267.05,851.3799999999999,-1279.4400000000003
778,2023-02-15,2356.36,1060.51,159.13,150.21,986.5100000000002,-73.99999999999977
779,2023-09-12,4873.38,2546.53,665.46,438.96,1222.4299999999998,-1324.1000000000004
780,2023-12-09,4630.04,2445.98,693.08,216.87,1274.1100000000001,-1171.87
781,2023-11-05,3894.81,2298.76,458.72,222.96,914.3699999999997,-1384.3900000000006
782,2023-08-08,6765.29,4634.96,413.98,460.47,1255.8799999999999,-3379.08
783,2023-10-07,1806.73,1084.05,117.71,219.62,385.35,-698.6999999999999
784,2023-06-14,7302.32,3321.35,773.61,194.2,3013.16,-308.19000000000005
785,2023-01-10,5422.17,2218.04,430.29,364.64,2409.2000000000003,191.1600000000003
786,2023-08-08,4038.24,1936.65,507.33,149.7,1444.5599999999997,-492.0900000000004
787,2023-11-22,4008.91,1762.38,531.12,459.31,1256.1,-506.2800000000002
788,2023-07-25,8768.09,5932.83,917.78,262.04,1655.4400000000003,-4277.389999999999
789,2023-10-16,4245.79,1792.02,258.27,179.15,2016.35,224.32999999999993
790,2023-08-19,2404.31,1365.3,224.2,140.74,674.0699999999999,-691.23
791,2023-07-22,3871.51,2537.79,367.53,305.24,660.9500000000003,-1876.8399999999997
792,2023-07-01,9981.3,5288.24,561.99,154.19,3976.8799999999997,-1311.3600000000001
793,2023-02-06,7272.17,4571.1,406.43,324.67,1969.9699999999998,-2601.1300000000006
794,2023-02-04,7065.49,4251.08,1053.5,307.58,1453.33,-2797.75
795,2023-02-11,7477.35,3591.76,465.11,446.0,2974.48,-617.2800000000002
796,2023-09-18,2605.45,1127.23,223.66,207.33,1047.2299999999998,-80.00000000000023
797,2023-10-31,3722.04,2428.66,367.69,449.47,476.22,-1952.4399999999998
798,2023-03-31,3431.93,2136.24,371.87,358.44,565.3800000000001,-1570.8599999999997
799,2023-11-24,8245.47,4925.11,427.54,292.23,2600.5899999999997,-2324.52
800,2023-11-12,8245.61,4658.43,547.01,227.45,2812.7200000000003,-1845.71
801,2023-04-26,2817.69,1419.45,335.9,241.25,821.0900000000001,-598.3599999999999
802,2023-07-02,2704.9,1382.27,166.03,409.9,746.7000000000002,-635.5699999999998
803,2023-05-19,7525.48,3402.09,888.73,306.2,2928.4599999999996,-473.63000000000056
804,2023-07-27,8253.01,4513.66,602.36,445.37,2691.6200000000003,-1822.0399999999995
805,2023-08-09,1757.08,818.23,202.66,259.36,476.8299999999999,-341.4000000000001
806,2023-01-14,9284.22,5170.81,884.98,381.54,2846.889999999999,-2323.9200000000014
807,2023-01-12,9125.21,4101.17,1219.94,245.2,3558.899999999999,-542.2700000000009
808,2023-11-15,7898.31,3216.9,642.82,96.9,3941.6899999999996,724.7899999999995
809,2023-10-05,1061.48,589.28,110.41,282.1,79.69000000000005,-509.5899999999999
810,2023-11-09,6853.15,3865.09,909.22,149.01,1929.8299999999992,-1935.260000000001
811,2023-11-27,6343.0,4351.4,887.33,240.24,864.0300000000004,-3487.369999999999
812,2023-08-21,9128.5,3800.61,464.44,159.8,4703.65,903.0399999999995
813,2023-04-07,9744.45,6278.58,573.66,179.53,2712.6800000000007,-3565.899999999999
814,2023-12-20,7389.53,3495.05,811.48,143.91,2939.0899999999997,-555.9600000000005
815,2023-03-27,8584.89,5369.32,1265.17,184.68,1765.7199999999996,-3603.6000000000004
816,2023-09-21,6641.25,2840.75,644.7,166.38,2989.42,148.67000000000007
817,2023-05-09,8710.27,5693.13,486.16,141.34,2389.6400000000003,-3303.49
818,2023-08-08,7602.7,3401.34,923.13,122.96,3155.2699999999995,-246.07000000000062
819,2023-03-25,2095.06,1238.59,172.37,450.34,233.76000000000005,-1004.8299999999999
820,2023-07-29,3558.73,2329.92,405.76,183.07,639.98,-1689.94
821,2023-02-11,8049.0,4197.11,461.75,415.64,2974.5000000000005,-1222.6099999999992
822,2023-05-21,1680.3,685.58,209.42,383.39,401.90999999999997,-283.6700000000001
823,2023-05-30,3242.25,2118.3,276.96,333.3,513.6899999999998,-1604.6100000000004
824,2023-02-13,8359.76,4763.99,516.25,490.05,2589.4700000000003,-2174.5199999999995
825,2023-04-28,1014.96,464.23,119.11,284.19,147.43,-316.8
826,2023-03-01,1669.33,1139.46,153.14,270.46,106.26999999999992,-1033.19
827,2023-02-08,9948.83,5604.51,560.67,346.48,3437.1699999999996,-2167.3400000000006
828,2023-02-11,7303.59,3255.87,1020.33,245.29,2782.1000000000004,-473.7699999999995
829,2023-08-27,4709.6,3067.2,327.53,197.75,1117.1200000000006,-1950.0799999999992
830,2023-08-20,6964.84,3766.13,375.63,368.41,2454.67,-1311.46
831,2023-12-15,1495.5,675.15,112.13,214.43,493.79,-181.35999999999996
832,2023-02-05,5723.77,2449.34,825.12,121.32,2327.9900000000002,-121.34999999999991
833,2023-11-27,8184.46,5548.77,693.13,293.45,1649.1099999999994,-3899.6600000000008
834,2023-11-30,8126.7,4352.2,1094.39,243.94,2436.1699999999996,-1916.0300000000002
835,2023-12-29,8856.62,4556.8,1133.49,64.48,3101.850000000001,-1454.9499999999994
836,2023-12-11,4788.79,1966.38,513.7,219.56,2089.15,122.76999999999998
837,2023-02-19,5253.03,3065.2,746.26,135.68,1305.8899999999999,-1759.31
838,2023-12-30,5383.16,3476.83,708.72,256.97,940.6399999999999,-2536.19
839,2023-08-08,3839.96,1924.95,203.81,226.4,1484.8,-440.1500000000001
840,2023-11-02,3079.1,1354.28,160.5,497.16,1067.1599999999999,-287.1200000000001
841,2023-11-09,6605.05,3939.94,896.21,236.98,1531.92,-2408.02
842,2023-08-25,9466.78,6272.53,679.42,484.34,2030.490000000001,-4242.039999999999
843,2023-11-25,8144.95,4880.97,1113.04,99.51,2051.4299999999994,-2829.540000000001
844,2023-04-24,3620.2,2463.13,418.23,378.19,360.6499999999997,-2102.4800000000005
845,2023-03-13,7708.54,3658.02,803.94,197.03,3049.5499999999997,-608.4700000000003
846,2023-04-12,1862.87,1216.98,224.33,403.36,18.199999999999818,-1198.7800000000002
847,2023-03-08,6184.87,2756.5,466.41,140.85,2821.11,64.61000000000013
848,2023-02-14,4448.35,2874.01,329.23,401.75,843.3600000000001,-2030.65
849,2023-08-25,1044.11,652.31,71.6,250.01,70.18999999999994,-582.12
850,2023-05-04,6107.17,4257.69,475.82,493.09,880.5700000000006,-3377.119999999999
851,2023-07-25,6275.62,3789.08,722.84,343.14,1420.56,-2368.52
852,2023-09-27,5303.81,2355.33,340.57,128.56,2479.3500000000004,124.02000000000044
853,2023-03-07,2661.18,1551.21,354.82,52.63,702.5199999999999,-848.6900000000002
854,2023-11-17,2030.1,946.12,284.29,206.15,593.5400000000001,-352.5799999999999
855,2023-03-19,1602.98,851.53,114.51,478.89,158.05000000000007,-693.4799999999999
856,2023-06-24,5102.04,2638.53,559.69,293.9,1609.9199999999996,-1028.6100000000006
857,2023-04-11,4814.72,2497.88,247.54,168.26,1901.0400000000002,-596.8399999999999
858,2023-05-26,2148.78,1496.98,284.34,446.3,-78.8399999999998,-1575.8199999999997
859,2023-10-25,3084.0,1407.32,322.45,93.0,1261.23,-146.08999999999992
860,2023-02-19,2860.85,1566.21,417.89,471.18,405.5699999999999,-1160.64
861,2023-10-27,5631.8,2482.77,309.15,238.28,2601.6,118.82999999999993
862,2023-01-21,1436.68,695.91,118.23,382.66,239.88000000000005,-456.0299999999999
863,2023-03-16,2550.18,1227.31,353.58,54.74,914.55,-312.76
864,2023-05-25,7259.37,4935.06,690.55,353.39,1280.3699999999994,-3654.690000000001
865,2023-01-15,8134.41,5191.25,852.3,329.49,1761.3699999999997,-3429.88
866,2023-05-18,4543.13,3124.38,631.87,227.51,559.37,-2565.01
867,2023-02-06,9699.94,6156.92,1175.0,425.6,1942.4200000000005,-4214.5
868,2023-02-13,1506.38,1045.37,194.61,57.17,209.2300000000002,-836.1399999999996
869,2023-12-04,3779.03,2594.56,406.15,451.84,326.4800000000003,-2268.0799999999995
870,2023-07-22,5119.13,2113.3,727.69,371.71,1906.4299999999998,-206.87000000000035
871,2023-02-01,2770.08,1784.39,141.46,174.04,670.1899999999998,-1114.2000000000003
872,2023-01-22,3725.98,2560.41,190.39,161.19,813.9900000000002,-1746.4199999999996
873,2023-06-07,8422.87,4042.85,1176.39,486.38,2717.25,-1325.6
874,2023-03-04,8169.24,5332.19,1087.27,470.41,1279.3700000000001,-4052.8199999999997
875,2023-09-25,1200.44,652.81,151.35,131.91,264.3700000000001,-388.4399999999998
876,2023-01-07,7322.57,4476.64,788.61,180.39,1876.9299999999994,-2599.710000000001
877,2023-07-05,3838.49,2489.65,294.54,172.73,881.5699999999997,-1608.0800000000004
878,2023-01-25,2238.41,1269.57,217.06,480.67,271.10999999999996,-998.46
879,2023-07-07,5191.72,2910.06,672.69,435.68,1173.2900000000002,-1736.7699999999998
880,2023-11-26,9420.75,5295.51,860.19,241.61,3023.4399999999996,-2272.0700000000006
881,2023-11-06,2875.39,1585.29,399.82,450.38,439.9,-1145.3899999999999
882,2023-10-08,8359.4,5639.96,884.35,123.4,1711.6899999999996,-3928.2700000000004
883,2023-09-11,1500.33,694.98,176.25,343.29,285.8099999999999,-409.17000000000013
884,2023-11-13,5057.52,3375.76,613.94,187.08,880.7400000000001,-2495.02
885,2023-11-11,9937.68,6502.22,1324.54,113.57,1997.3500000000001,-4504.87
886,2023-11-04,1929.27,1067.08,115.61,150.33,596.25,-470.8299999999999
887,2023-10-19,1827.82,977.59,121.32,316.08,412.82999999999987,-564.7600000000002
888,2023-04-30,3468.89,1632.02,189.12,75.55,1572.2,-59.819999999999936
889,2023-03-01,9573.45,6468.21,1070.89,112.35,1922.0000000000007,-4546.209999999999
890,2023-11-05,1559.22,870.05,155.26,490.4,43.510000000000105,-826.5399999999998
891,2023-11-25,5428.03,3744.85,691.84,275.01,716.3299999999998,-3028.52
892,2023-12-27,6007.08,4074.69,576.97,54.36,1301.06,-2773.63
893,2023-04-09,6640.59,4135.09,953.91,87.68,1463.91,-2671.1800000000003
894,2023-02-06,1375.0,869.17,201.19,121.56,183.08000000000004,-686.0899999999999
895,2023-12-10,5173.32,2718.2,676.26,230.3,1548.56,-1169.6399999999999
896,2023-09-07,5147.09,3442.5,295.43,485.51,923.6500000000001,-2518.85
897,2023-03-13,3910.58,2279.33,419.43,451.66,760.1599999999999,-1519.17
898,2023-10-17,1796.8,760.78,221.59,159.44,654.99,-105.78999999999996
899,2023-11-02,6754.8,2980.19,720.0,170.49,2884.12,-96.07000000000016
900,2023-05-15,9676.52,5142.44,879.27,175.72,3479.090000000001,-1663.3499999999985
901,2023-02-10,7656.42,4236.87,657.61,61.73,2700.21,-1536.6599999999999
902,2023-12-02,6928.63,4793.43,397.99,469.84,1267.37,-3526.0600000000004
903,2023-04-12,4532.75,2080.82,655.97,424.09,1371.87,-708.9500000000003
904,2023-09-13,7531.15,4951.26,589.48,239.41,1750.9999999999993,-3200.260000000001
905,2023-03-13,2075.25,1153.96,172.93,392.3,356.0599999999999,-797.9000000000001
906,2023-08-23,8307.11,3647.65,1182.54,247.63,3229.290000000001,-418.3599999999992
907,2023-04-14,7102.75,4169.49,730.73,339.02,1863.5100000000002,-2305.9799999999996
908,2023-02-28,5816.62,3233.53,742.73,289.74,1550.6199999999997,-1682.9100000000005
909,2023-11-22,5071.58,2154.75,355.81,263.92,2297.1,142.3499999999999
910,2023-06-05,7985.73,3501.05,528.65,198.94,3757.0899999999992,256.03999999999905
911,2023-12-03,7917.14,4776.71,649.48,98.32,2392.63,-2384.08
912,2023-03-22,4212.15,2848.67,580.3,488.55,294.6299999999996,-2554.0400000000004
913,2023-03-05,5226.64,2295.64,335.77,305.82,2289.4100000000003,-6.229999999999563
914,2023-11-09,8288.16,4855.79,777.33,455.62,2199.42,-2656.37
915,2023-09-01,1732.88,1042.49,234.82,302.32,153.2500000000001,-889.2399999999999
916,2023-01-14,9860.74,4577.39,632.99,182.38,4467.98,-109.41000000000076
917,2023-10-27,6904.53,4138.98,391.13,420.12,1954.3000000000002,-2184.6799999999994
918,2023-02-10,2140.31,962.19,263.11,495.27,419.7399999999999,-542.4500000000002
919,2023-01-26,2716.0,1319.88,362.22,496.89,537.0099999999999,-782.8700000000002
920,2023-02-18,8785.41,3521.61,1028.77,113.37,4121.659999999999,600.0499999999988
921,2023-05-04,3915.23,2645.5,217.44,229.47,822.8199999999999,-1822.68
922,2023-12-05,1641.98,1121.88,226.23,343.84,-49.970000000000084,-1171.8500000000001
923,2023-01-24,9852.2,5343.31,1394.12,437.69,2677.0800000000004,-2666.23
924,2023-05-29,5036.81,2333.42,491.16,210.27,2001.9600000000005,-331.4599999999996
925,2023-11-11,8381.05,3821.12,420.7,170.02,3969.2099999999996,148.0899999999997
926,2023-12-05,5818.62,2989.3,385.9,307.58,2135.8399999999997,-853.4600000000005
927,2023-11-29,8634.68,4311.85,1261.42,430.11,2631.2999999999997,-1680.5500000000006
928,2023-03-15,7623.48,4632.77,454.86,375.13,2160.719999999999,-2472.0500000000015
929,2023-12-02,5612.71,3899.36,730.3,77.09,905.9599999999999,-2993.4
930,2023-04-12,3084.42,1458.31,304.17,432.87,889.07,-569.2399999999999
931,2023-06-14,6473.95,3357.03,818.24,242.08,2056.5999999999995,-1300.4300000000007
932,2023-07-18,2815.0,1839.78,310.63,138.94,525.6500000000001,-1314.1299999999999
933,2023-02-01,7179.16,4482.03,1018.64,447.39,1231.1000000000004,-3250.9299999999994
934,2023-10-30,3846.26,2248.8,345.47,336.44,915.55,-1333.2500000000002
935,2023-12-29,3304.46,2274.95,367.24,219.07,443.2000000000002,-1831.7499999999995
936,2023-07-01,4575.76,3191.32,625.82,302.52,456.1,-2735.2200000000003
937,2023-03-09,1322.87,602.39,142.08,120.0,458.39999999999986,-143.99000000000012
938,2023-02-20,4618.89,2580.62,416.38,359.1,1262.7900000000004,-1317.8299999999995
939,2023-10-16,6497.2,4396.28,576.06,60.1,1464.7600000000002,-2931.5199999999995
940,2023-08-23,5003.86,3066.85,309.64,329.96,1297.4099999999999,-1769.44
941,2023-05-16,7125.31,4883.15,539.1,340.19,1362.8700000000008,-3520.279999999999
942,2023-08-29,9833.88,6121.86,1049.74,270.55,2391.7299999999996,-3730.13
943,2023-12-17,7962.21,4420.57,1166.51,419.67,1955.46,-2465.1099999999997
944,2023-09-09,2437.02,1189.13,217.32,110.1,920.4699999999999,-268.6600000000002
945,2023-04-27,9075.07,5493.91,1030.93,268.92,2281.3099999999995,-3212.6000000000004
946,2023-06-15,9913.61,5886.77,1027.72,375.88,2623.24,-3263.5300000000007
947,2023-11-22,9346.31,5764.81,940.5,485.76,2155.239999999999,-3609.5700000000015
948,2023-09-08,1338.58,728.52,135.05,297.27,177.73999999999995,-550.78
949,2023-12-16,6882.11,3422.99,674.55,201.84,2582.7299999999996,-840.2600000000002
950,2023-11-28,5963.57,2508.89,300.69,255.26,2898.7299999999996,389.8399999999997
951,2023-07-27,4683.44,3210.86,613.7,282.91,575.9699999999993,-2634.890000000001
952,2023-01-14,3849.95,1612.15,443.35,496.2,1298.2499999999998,-313.9000000000003
953,2023-02-28,6052.18,3271.41,389.1,135.92,2255.7500000000005,-1015.6599999999994
954,2023-08-06,7012.1,4853.17,619.59,104.81,1434.5300000000002,-3418.64
955,2023-03-06,9759.26,6179.96,1006.86,63.45,2508.9900000000002,-3670.97
956,2023-12-05,8261.99,4387.66,786.44,251.08,2836.81,-1550.85
957,2023-01-31,6816.63,3601.67,373.95,326.08,2514.9300000000003,-1086.7399999999998
958,2023-10-27,5423.32,3047.73,684.53,68.47,1622.5899999999997,-1425.1400000000003
959,2023-10-06,9631.78,5640.25,1112.03,498.29,2381.210000000001,-3259.039999999999
960,2023-06-03,3741.71,1839.88,206.53,84.09,1611.21,-228.67000000000007
961,2023-04-20,6943.3,3601.53,691.11,93.61,2557.0499999999997,-1044.4800000000005
962,2023-02-03,1660.76,1121.43,179.52,470.56,-110.75000000000006,-1232.18
963,2023-01-08,3037.26,1912.58,415.35,160.87,548.4600000000003,-1364.1199999999997
964,2023-12-05,7264.57,3756.24,583.57,419.96,2504.7999999999997,-1251.44
965,2023-06-15,3400.56,1761.63,223.55,327.8,1087.58,-674.0500000000002
966,2023-06-05,3374.59,1565.21,272.9,286.17,1250.31,-314.9000000000001
967,2023-02-07,9488.79,4886.31,821.23,302.18,3479.0700000000006,-1407.2399999999998
968,2023-02-07,6449.1,2757.95,520.46,346.56,2824.1300000000006,66.18000000000075
969,2023-01-14,7176.4,3368.75,638.08,403.67,2765.8999999999996,-602.8500000000004
970,2023-06-16,9426.75,5432.27,1225.43,154.54,2614.5099999999993,-2817.760000000001
971,2023-11-03,6408.82,3035.46,636.62,454.45,2282.29,-753.1700000000001
972,2023-08-05,7091.39,3369.12,823.68,426.86,2471.7300000000005,-897.3899999999994
973,2023-05-18,8076.52,4963.22,936.77,254.18,1922.3500000000001,-3040.87
974,2023-09-06,9494.5,6421.39,683.37,380.62,2009.12,-4412.27
975,2023-10-06,5420.98,3421.32,690.32,301.16,1008.1799999999992,-2413.1400000000012
976,2023-01-12,1038.91,510.85,90.83,430.63,6.60000000000008,-504.24999999999994
977,2023-05-26,2257.31,1483.79,213.73,263.87,295.91999999999996,-1187.87
978,2023-12-06,1161.23,769.47,67.78,259.78,64.20000000000005,-705.27
979,2023-05-05,1225.49,743.0,82.48,486.3,-86.29000000000002,-829.29
980,2023-02-21,9301.66,6101.81,738.16,462.93,1998.7599999999995,-4103.050000000001
981,2023-02-22,3756.0,2020.48,517.46,60.31,1157.75,-862.73
982,2023-04-11,7251.63,4702.84,572.54,127.77,1848.48,-2854.36
983,2023-09-27,5231.34,3467.38,654.86,57.55,1051.55,-2415.83
984,2023-08-02,7321.79,4552.32,1086.37,252.45,1430.6500000000003,-3121.669999999999
985,2023-03-19,8740.48,5801.39,444.47,144.63,2349.989999999999,-3451.4000000000015
986,2023-11-18,3547.72,2271.38,177.78,162.43,936.1299999999997,-1335.2500000000005
987,2023-11-14,6709.11,2688.86,420.86,111.07,3488.3199999999993,799.4599999999991
988,2023-03-17,7227.65,4341.37,559.13,55.27,2271.8799999999997,-2069.4900000000002
989,2023-02-28,1418.09,887.92,88.94,125.54,315.68999999999994,-572.23
990,2023-03-23,8873.71,5032.34,498.51,283.52,3059.339999999999,-1973.0000000000014
991,2023-11-19,1099.62,514.48,87.31,256.23,241.59999999999985,-272.88000000000017
992,2023-12-07,1674.02,1162.54,222.65,314.63,-25.799999999999955,-1188.34
993,2023-07-11,1281.24,735.27,108.25,437.68,0.040000000000020464,-735.23
994,2023-04-23,9709.45,5363.16,1449.95,478.21,2418.130000000001,-2945.029999999999
995,2023-05-01,2479.42,1312.88,187.03,72.15,907.36,-405.5200000000001
996,2023-07-03,9245.66,4511.32,688.7,497.67,3547.9700000000003,-963.3499999999995
997,2023-11-08,2051.14,1179.53,209.68,117.82,544.1099999999999,-635.4200000000001
998,2023-01-14,3261.9,1732.25,287.97,373.9,867.7800000000001,-864.4699999999999
999,2023-02-08,3502.09,1694.74,266.85,343.65,1196.85,-497.8900000000001
1000,2023-04-02,4235.22,1833.63,271.34,475.39,1654.8600000000001,-178.76999999999998
